"   ","BUSINESS_FLAG","BUSINESS_NAME","BUSINESS_GROUP"
"1","1","基金账户开户","Dg"
"2","2","基金账户销户","Dg"
"3","3","基金账户修改","Dg"
"4","4","基金账户冻结","Dg"
"5","5","基金账户解冻","Dg"
"6","6","基金账户挂失","Dg"
"7","7","基金账户解挂","Dg"
"8","8","增加交易账户","Dg"
"9","9","撤销交易账户","Dg"
"10","20","认购申请","FB"
"11","22","申购申请","FB"
"12","23","预约申购","FB"
"13","24","赎回申请","FB"
"14","25","预约赎回","FB"
"15","26","转托管","FB"
"16","27","转托管入","FB"
"17","28","转托管出","FB"
"18","29","分红方式设置","FB"
"19","31","份额冻结","FB"
"20","32","份额解冻","FB"
"21","33","非交易过户","FB"
"22","34","非交易过户入","FB"
"23","35","非交易过户出","FB"
"24","36","基金转换","FB"
"25","37","基金转换入","FB"
"26","38","基金转换出","FB"
"27","39","定时定额投资","FB"
"28","40","退款","FB"
"29","41","补款","FB"
"30","44","强增","FA"
"31","45","强减","FA"
"32","46","成本价设置","FB"
"33","47","份额质押","FB"
"34","48","份额解押","FB"
"35","49","基金确权","FB"
"36","52","基金账户撤单","Dg"
"37","53","基金交易撤单","FB"
"38","59","定期定额开户","Dg"
"39","60","定期定额销户","Dg"
"40","61","定期定额变约","Dg"
"41","70","基金资金长冻","FB"
"42","71","基金资金长解","FB"
"43","73","基金资金拨入","FB"
"44","74","基金资金拨出","FB"
"45","75","基金资金红利","FB"
"46","76","基金资金融入","FB"
"47","77","基金资金融出","FB"
"48","82","ETF实物申购","FB"
"49","84","ETF实物赎回","FB"
"50","85","基金分拆","FB"
"51","86","基金合并","FB"
"52","89","份额冲账","FB"
"53","97","快速过户申请","FB"
"54","98","现金理财快速取现","FB"
"55","99","基金撤单","FB"
"56","101","基金账户开户确认","Dg"
"57","102","基金账户销户确认","Dg"
"58","103","基金账户修改确认","Dg"
"59","104","基金账户冻结确认","Dg"
"60","105","基金账户解冻确认","Dg"
"61","106","基金账户挂失确认","Dg"
"62","107","基金账户解挂确认","Dg"
"63","108","增加交易账户确认","Dg"
"64","109","撤销交易账户确认","Dg"
"65","110","账户挂失换新号","Dg"
"66","113","账户资料变更","Dg"
"67","114","账户资料核对","Dg"
"68","120","认购确认","FA"
"69","122","申购确认","FA"
"70","123","预约申购确认","FA"
"71","124","赎回确认","FA"
"72","125","预约赎回确认","FA"
"73","126","转托管确认","FA"
"74","127","转托管入确认","FA"
"75","128","转托管出确认","FA"
"76","129","设置分红方式确认","FB"
"77","130","认购成立","FA"
"78","131","份额冻结确认","FB"
"79","132","份额解冻确认","FB"
"80","133","非交易过户确认","FA"
"81","134","非交易过户入确认","FA"
"82","135","非交易过户出确认","FA"
"83","136","转换确认","FA"
"84","137","转换入确认","FA"
"85","138","转换出确认","FA"
"86","139","定时定额投资确认","FA"
"87","140","退款","FA"
"88","141","补款","FA"
"89","142","强行赎回","FA"
"90","143","红利发放","FA"
"91","144","强行调增","FA"
"92","145","强行调减","FA"
"93","146","配号","FB"
"94","147","份额质押确认","FB"
"95","148","份额解押确认","FB"
"96","149","基金确权确认","FA"
"97","150","基金清盘","FA"
"98","151","基金终止","FA"
"99","152","现金产品解约确认","FB"
"100","170","基金资金长冻","FB"
"101","171","基金资金长解","FB"
"102","173","基金资金拨入","FA"
"103","174","基金资金拨出","FA"
"104","175","基金资金红利","FA"
"105","176","基金资金融入","FA"
"106","177","基金资金融出","FA"
"107","179","定期定额变约确认","Dg"
"108","180","定期定额开户确认","Dg"
"109","181","定期定额销户确认","Dg"
"110","186","份额指定转入","FA"
"111","197","快速过户确认","FB"
"112","222","基金盘后申购","FA"
"113","224","基金盘后赎回","FA"
"114","282","实物券申购","FA"
"115","284","实物券赎回","FA"
"116","301","基金账户开户失败","Dg"
"117","302","基金账户销户失败","Dg"
"118","303","基金账户修改失败","Dg"
"119","304","基金账户冻结失败","Dg"
"120","305","基金账户解冻失败","Dg"
"121","306","基金账户挂失失败","Dg"
"122","307","基金账户解挂失败","Dg"
"123","308","增加交易账户失败","Dg"
"124","309","撤销交易账户失败","Dg"
"125","320","认购失败","FB"
"126","322","申购失败","FB"
"127","323","预约申购失败","FB"
"128","324","赎回申请失败","FB"
"129","325","预约赎回失败","FB"
"130","326","转托管失败","FB"
"131","327","转托管入失败","FB"
"132","328","转托管出失败","FB"
"133","329","设置分红方式失败","FB"
"134","330","成立失败","FB"
"135","331","份额冻结失败","FB"
"136","332","份额解冻失败","FB"
"137","333","非交易过户失败","FB"
"138","334","非交易过户入失败","FB"
"139","335","非交易过户出失败","FB"
"140","336","转换失败","FB"
"141","337","转换入失败","FB"
"142","338","转换出失败","FB"
"143","339","定时定额投资失败","FB"
"144","347","份额质押失败","FB"
"145","348","份额解押失败","FB"
"146","349","基金确权失败","FB"
"147","352","现金产品解约失败","FB"
"148","379","定期定额变约失败","Dg"
"149","380","定期定额开户失败","Dg"
"150","381","定期定额销户失败","Dg"
"151","397","快速过户失败","FB"
"152","501","基金内部指定","Dg"
"153","502","基金内部撤指定","Dg"
"154","503","基金电子合同签署","Dg"
"155","504","基金电子合同补正","Dg"
"156","505","基金电子合同取消","Dg"
"157","506","基金电子合同申报","Dg"
"158","507","基金电子合同回报","Dg"
"159","508","基金强制销户取消","Dg"
"160","509","基金强制销户","Dg"
"161","510","基金账户限制修改","Df"
"162","511","基金账户迁入","Da"
"163","512","基金账户迁出","Da"
"164","513","现金产品登记","Df"
"165","514","现金产品修改","Df"
"166","515","现金产品注销","Df"
"167","518","基金合格投资者签约","Df"
"168","519","基金合格投资者解约","Df"
"169","520","基金合格投资者续约","Df"
"170","601","基金份额内部红冲","FA"
"171","602","基金份额内部蓝补","FA"
"172","603","基金份额指定转入","FA"
"173","604","基金份额指定转出","FA"
"174","1001","资金账户开户","Da"
"175","1002","资金账户销户","Da"
"176","1003","资金账户信息修改","Da"
"177","1005","资金账户挂失","Da"
"178","1006","资金账户解挂","Da"
"179","1007","资金账户冻结","Da"
"180","1008","资金账户解冻","Da"
"181","1009","资金账户风险等级设置","Da"
"182","1010","资金账户转移","Da"
"183","1011","资金账户休眠设置","Da"
"184","1012","资金账户休眠激活","Da"
"185","1013","资金账户分类信息修改","Da"
"186","1014","资金账户合规","Da"
"187","1015","资金账户费用修改","Da"
"188","1016","开通委托方式修改","Da"
"189","1017","资金账户权限修改","Da"
"190","1018","资金账户限制修改","Da"
"191","1019","资金账户扩展修改","Da"
"192","1020","资金账户销户取消","Da"
"193","1021","资金账户锁定","Da"
"194","1022","资金账户解锁","Da"
"195","1024","资金卡修改","Da"
"196","1025","资金卡打印","Da"
"197","1026","客户主账标志删除","Da"
"198","1027","客户主帐标志增加","Da"
"199","1029","资产账户迁入","Da"
"200","1030","资产账户迁出","Da"
"201","1031","币种开户","Da"
"202","1032","币种销户","Da"
"203","1033","币种利率信息修改","Da"
"204","1034","资金账户存管银行修改","Da"
"205","1036","客户年费协议登记","Da"
"206","1037","客户年费协议修改","Da"
"207","1038","客户年费协议解除","Da"
"208","1040","代理账户销户取消","Dc"
"209","1041","代理账户开户","Dc"
"210","1042","代理账户销户","Dc"
"211","1043","代理账户修改","Dc"
"212","1044","代理人正常","Dc"
"213","1045","代理人锁定","Dc"
"214","1046","代理人冻结","Dc"
"215","1047","代理人挂失","Dc"
"216","1048","代理人休眠","Dc"
"217","1049","代理人客户关系建立","Dc"
"218","1050","代理人客户关系解除","Dc"
"219","1060","用户认证开户","Da"
"220","1061","用户认证销户","Da"
"221","1062","用户认证修改","Da"
"222","1063","用户密码修改","Da"
"223","1064","资金账户认证销户","Da"
"224","1065","资金账户认证修改","Da"
"225","1066","资金账户密码修改","Da"
"226","1067","资金账户认证开户","Da"
"227","1068","用户密码清密","Da"
"228","1069","资金账户密码清密","Da"
"229","1070","用户认证解锁","Da"
"230","1071","资金账户认证解锁","Da"
"231","1101","证券账户下挂开户","Db"
"232","1102","证券账户销户","Db"
"233","1103","证券账户信息修改","Db"
"234","1104","证券账户新开户","Db"
"235","1105","证券账户挂失","Db"
"236","1106","证券账户解挂","Db"
"237","1107","证券账户冻结","Db"
"238","1108","证券账户解冻","Db"
"239","1109","证券账户休眠激活","Db"
"240","1110","证券账户休眠注销","Db"
"241","1111","证券账户合规处理","Db"
"242","1112","证券账户解除卖出限制","Db"
"243","1114","沪B指定交易","Db"
"244","1115","沪B撤消指定","Db"
"245","1117","证券账户权限修改","Db"
"246","1118","证券账户限制修改","Db"
"247","1119","证券账户主账设置","Db"
"248","1120","证券账户转移","Db"
"249","1121","证券账户返回","Db"
"250","1123","证券账户锁定","Db"
"251","1124","证券账户解锁","Db"
"252","1125","证券账户休眠","Db"
"253","1126","沪港通账户开户","Db"
"254","1127","深港通账户开户","Db"
"255","1129","证券账户迁入","Da"
"256","1130","证券账户迁出","Da"
"257","1140","登记账户开户","Db"
"258","1141","登记账户信息修改","Db"
"259","1142","登记证券账户合并","Db"
"260","1143","登记证券账户保留","Db"
"261","1144","登记账户注销","Db"
"262","1145","登记账户挂失","Db"
"263","1146","登记账户挂失换新号","Db"
"264","1147","登记账户挂失解挂","Db"
"265","1148","上海账户指定交易","Db"
"266","1149","账户撤销指定交易","Db"
"267","1150","账户使用信息注销","Db"
"268","1151","账户使用信息修改","Db"
"269","1152","流通证券冻结","Db"
"270","1153","流通证券解冻","Db"
"271","1154","开通网络服务","Db"
"272","1155","账户使用信息申报","Db"
"273","1156","账户卡补打","Db"
"274","1157","跨市场转登记过出","Db"
"275","1158","跨市场转登记过入","Db"
"276","1159","跨市场转托管过出","Db"
"277","1160","跨市场转托管过入","Db"
"278","1161","预受要约确认","Db"
"279","1162","预受要约解除","Db"
"280","1163","质押券处置申报","Db"
"281","1164","买断式回购不履约申报","Db"
"282","1165","债券登记数据报送","Db"
"283","1166","放弃认购按市值配售新股申报","Db"
"284","1167","帐户变更结算会员撤销","Db"
"285","1168","帐户变更结算会员","Db"
"286","1169","撤销挂失","Db"
"287","1170","登记证券账户合并保留","Db"
"288","1171","休眠账户激活","Db"
"289","1172","休眠账户申报","Db"
"290","1173","休眠账户销户","Db"
"291","1174","休眠账户撤销","Db"
"292","1175","休眠账户销户重开","Db"
"293","1176","登记合伙人信息增加","Db"
"294","1177","登记合伙人信息修改","Db"
"295","1178","登记合伙人信息删除","Db"
"296","1180","深圳创业板信息登记","Db"
"297","1182","自主行权股东名册登记","Db"
"298","1183","自主行权股东名册变更","Db"
"299","1184","自主行权股东名册注销","Db"
"300","1185","中登股东账户开户","Db"
"301","1186","中登股东账户修改","Db"
"302","1187","中登股东账户查询","Db"
"303","1188","中登股东账户销户","Db"
"304","1189","一码通开户","Db"
"305","1190","一码通修改","Db"
"306","1191","一码通查询","Db"
"307","1192","一码通销户","Db"
"308","1193","限制性股票股东名册登记","Db"
"309","1194","限制性股票股东名册修改","Db"
"310","1195","限制性股票股东名册注销","Db"
"311","1196","休眠户激活","Db"
"312","1197","关联关系确认","Db"
"313","1198","关联关系转挂","Db"
"314","1199","关联关系维护","Db"
"315","1201","转账账户开户","Dd"
"316","1202","转账账户销户","Dd"
"317","1203","转账账户修改","Dd"
"318","1205","转账账户冻结","Dd"
"319","1206","转账账户解冻","Dd"
"320","1207","转账账户挂失","Dd"
"321","1208","转账账户解挂","Dd"
"322","1211","存管账户强制开户","Dd"
"323","1212","存管账户强制销户","Dd"
"324","1213","存管账户强制修改","Dd"
"325","1214","期货结算银行账户开户","Dd"
"326","1215","期货结算银行账户销户","Dd"
"327","1216","期货结算银行账户修改","Dd"
"328","1229","银行账户迁入","Da"
"329","1230","银行账户迁出","Da"
"330","1250","存管账户开户","Dd"
"331","1251","存管账户币种开户","Dd"
"332","1252","存管账户信息同步","Dd"
"333","1253","存管账户销户","Dd"
"334","1254","存管账户身份确认","Dd"
"335","1255","存管账户签约开户","Dd"
"336","1256","存管账户银证验证码开户","Db"
"337","1257","存管账户银行账户变更","Dd"
"338","1258","存管银行发起开通存管关系","Dd"
"339","1259","存管银行发起身份确认","Dd"
"340","1260","存管银行发起账户资料修改","Dd"
"341","1261","存管银行发起银行账户变更","Dd"
"342","1262","存管账户银证验证码开户激活","Db"
"343","1263","存管银行发起客户资料查询","Dd"
"344","1264","存管银行发起联合销户","Dd"
"345","1265","存管银行发起客户换卡","Dd"
"346","1266","存管账户同步结息","Dd"
"347","1267","存管银行发起预约开户","Dd"
"348","1268","存管账户冻结","Dd"
"349","1269","存管账户解冻","Dd"
"350","1270","外币存管账户开户","Dd"
"351","1272","外币存管账户信息同步","Dd"
"352","1273","外币存管账户销户","Dd"
"353","1274","外币存管账户身份确认","Dd"
"354","1275","外币存管账户签约开户","Dd"
"355","1276","外币存管银行账户变更","Dd"
"356","1277","外币存管账户强制开户","Dd"
"357","1278","外币存管账户强制销户","Dd"
"358","1279","外币存管账户强制修改","Dd"
"359","1301","客户关系人开户","Dh"
"360","1302","客户关系人销户","Dh"
"361","1303","客户关系人修改","Dh"
"362","1305","客户关系人冻结","Dh"
"363","1306","客户关系人解冻","Dh"
"364","1307","客户关系人挂失","Dh"
"365","1308","客户关系人解挂","Dh"
"366","1309","客户关系建立","Dh"
"367","1310","客户关系解除","Dh"
"368","1311","客户关系修改","Dh"
"369","1313","客户关系人扩展信息修改","Dh"
"370","1314","客户关系人关系建立","Dh"
"371","1315","客户关系人关系修改","Dh"
"372","1316","客户关系人关系解除","Dh"
"373","1317","客户关系人关系转移","Dh"
"374","1318","客户关系人销户取消","Dh"
"375","1319","客户关系人正常","Dh"
"376","1320","客户关系人锁定","Dh"
"377","1321","客户关系人休眠","Dh"
"378","1400","融资行权合同录入","Dz"
"379","1401","融资行权合同变更","Dz"
"380","1402","融资行权合同撤销","Dz"
"381","1405","限制性股票融资合同录入","Db"
"382","1406","限制性股票融资合同变更","Db"
"383","1407","限制性股票融资合同撤销","Db"
"384","1410","暂停上市债券投资者登记","Db"
"385","1411","暂停上市债券投资者注销","Db"
"386","1412","暂停上市债券权限手工开通","Db"
"387","1413","暂停上市债券权限手工取消","Db"
"388","1414","暂停上市债券权限开通","Db"
"389","1415","暂停上市债券权限取消","Db"
"390","1416","暂停上市债券投资者修改","Db"
"391","1417","优先股权限手工开通","Db"
"392","1418","优先股权限手工取消","Db"
"393","1420","创业板申请信息登记","Db"
"394","1421","创业板普通信息修改","Db"
"395","1422","创业板关键信息修改","Db"
"396","1423","创业板申请信息撤销","Db"
"397","1424","创业板权限手工开通","Db"
"398","1425","创业板权限自动开通","Db"
"399","1426","创业板风险等级设置","Db"
"400","1427","创业板风险揭示书签署","Db"
"401","1428","创业板申请信息审批","Db"
"402","1429","创业板申请信息核查","Db"
"403","1430","创业板登记信息申报","Db"
"404","1431","创业板登记信息回报","Db"
"405","1433","风险警示债券投资者登记","Db"
"406","1434","风险警示债券投资者注销","Db"
"407","1435","风险警示债券权限手工开通","Db"
"408","1436","风险警示债券权限手工取消","Db"
"409","1437","风险警示债券权限开通","Db"
"410","1438","风险警示债券权限取消","Db"
"411","1439","风险警示债券投资者修改","Db"
"412","1440","综合业务协议签署","Db"
"413","1441","综合业务协议注销","Db"
"414","1442","综合业务协议作废","Db"
"415","1443","报价回购协议开通","Db"
"416","1444","约定购回协议开通","Db"
"417","1445","报价回购协议取消","Db"
"418","1446","约定购回协议取消","Db"
"419","1447","报价回购协议强制开通","Db"
"420","1448","约定购回协议强制开通","Db"
"421","1449","报价回购协议强制取消","Db"
"422","1450","约定购回协议强制取消","Db"
"423","1451","约定购回合同录入","Dz"
"424","1452","约定购回合同变更","Dz"
"425","1453","约定购回合同撤销","Dz"
"426","1459","优先股投资者修改","Db"
"427","1460","债券专业投资者签署","Db"
"428","1461","债券专业投资者注销","Db"
"429","1462","债券专业投资者权限开通","Db"
"430","1463","债券专业投资者权限取消","Db"
"431","1464","债券专业投资者权限强制开通","Db"
"432","1465","债券专业投资者权限强制取消","Db"
"433","1466","私募债券投资者登记添加","Db"
"434","1467","私募债券投资者登记修改","Db"
"435","1468","私募债券投资者登记删除","Db"
"436","1469","私募债券投资者权限开通","Db"
"437","1470","私募债券投资者权限取消","Db"
"438","1471","私募债券投资者权限强制开通","Db"
"439","1472","私募债券投资者权限强制取消","Db"
"440","1473","退市整理权限开通","Db"
"441","1474","退市整理权限取消","Db"
"442","1475","风险警示权限开通","Db"
"443","1476","风险警示权限取消","Db"
"444","1477","股票质押协议开通"," "
"445","1478","股票质押协议取消"," "
"446","1479","股票质押合同录入"," "
"447","1480","股票质押合同变更"," "
"448","1481","股票质押合同撤销"," "
"449","1482","股票质押回购协议强制开通","Db"
"450","1483","股票质押回购协议强制取消","Db"
"451","1484","股份转让投资者登记添加","Db"
"452","1485","股份转让投资者登记修改","Db"
"453","1486","股份转让投资者登记删除","Db"
"454","1487","股份转让投资者权限开通","Db"
"455","1488","股份转让投资者权限取消","Db"
"456","1489","股份转让投资者权限强制开通","Db"
"457","1490","股份转让投资者权限强制取消","Db"
"458","1491","股份转让投资者登记添加","Db"
"459","1492","股份转让投资者登记删除","Db"
"460","1493","股份转让投资者权限开通","Db"
"461","1494","股份转让投资者权限取消","Db"
"462","1495","投资者适当性信息添加","Db"
"463","1496","投资者适当性信息删除","Db"
"464","1497","股份转让合格投资者登记","Db"
"465","1498","优先股投资者登记","Db"
"466","1499","优先股投资者注销","Db"
"467","1501","VIP权限开通","Da"
"468","1502","客户VIP权限取消","Da"
"469","1503","重点客户权限增加","Da"
"470","1504","重点客户权限删除","Da"
"471","1505","协议利率权限开通","Da"
"472","1506","协议利率权限取消","Da"
"473","1512","股转优先股权限开通","Db"
"474","1513","股转优先股权限取消","Db"
"475","1514","股转优先股权限强制开通","Db"
"476","1515","股转优先股权限强制取消","Db"
"477","1601","融资融券合同建立","Db"
"478","1602","融资融券合同终止","Db"
"479","1603","融资融券合同过期","Db"
"480","1604","融资融券合同冻结","Db"
"481","1605","融资融券合同解冻","Db"
"482","1606","融资融券合同激活","Db"
"483","1607","融资融券合同追索","Db"
"484","1608","融资融券合同续签","Db"
"485","1609","融资融券合同批量导入变更","Db"
"486","1611","融资融券合同额度变更","Db"
"487","1612","融资融券合同利率变更","Db"
"488","1613","融资融券合同其它信息修改","Db"
"489","1614","融资融券合同额度强制变更","Db"
"490","1615","融资融券合同头寸迁移","Db"
"491","1640","信用估值账户登记信息增加","Db"
"492","1641","信用估值账户登记信息修改","Db"
"493","1642","信用估值账户登记信息删除","Db"
"494","1780","期货IB客户开户","De"
"495","1781","期货IB客户信息修改","De"
"496","1784","期货附加人开户","De"
"497","1785","期货附加人信息修改","De"
"498","1786","期货附加人销户","De"
"499","1787","期货结算银行账户开户","De"
"500","1788","期货结算银行账户开户","De"
"501","1789","期货结算银行账户销户","De"
"502","1801","客户开户","Da"
"503","1802","客户销户","Da"
"504","1803","客户基本信息修改","Da"
"505","1804","客户其他信息修改","Da"
"506","1805","客户扩展信息修改","Da"
"507","1806","客户扩展信息增加","Da"
"508","1807","客户资料确认","Da"
"509","1808","客户开发分支修改","Da"
"510","1810","客户冻结","Da"
"511","1811","客户挂失","Da"
"512","1812","客户解冻","Da"
"513","1813","客户解挂","Da"
"514","1815","客户卡修改","Da"
"515","1816","客户转移","Da"
"516","1817","客户销户取消","Da"
"517","1818","客户姓名修改","Da"
"518","1819","客户证件修改","Da"
"519","1820","客户身份证升位","Da"
"520","1821","机构客户信息修改","Da"
"521","1822","客户证件有效期修改","Da"
"522","1823","客户锁定","Da"
"523","1824","客户解锁","Da"
"524","1825","机构客户转个人客户","Da"
"525","1826","个人客户转机构客户","Da"
"526","1827","客户风险等级修改","Da"
"527","1828","客户反洗钱风险等级修改","Da"
"528","1829","客户开户规范信息修改","Da"
"529","1830","客户风险评测确认","Da"
"530","1831","客户迁入","Da"
"531","1832","客户迁出","Da"
"532","1834","人行征信授权协议签署","Da"
"533","1835","人行征信授权协议注销","Da"
"534","1836","机构客户产品信息增加","Da"
"535","1837","机构客户产品信息修改","Da"
"536","1838","机构客户产品信息删除","Da"
"537","1850","合伙人信息增加","Da"
"538","1851","合伙人信息修改","Da"
"539","1852","合伙人信息删除","Da"
"540","1855","客户协议签署","Da"
"541","1856","客户协议解除","Da"
"542","1860","客户期权风险级别增加","Da"
"543","1861","客户期权风险级别修改","Da"
"544","1862","客户期权风险级别删除","Da"
"545","1863","衍生品合约账户强制开户","Db"
"546","1864","衍生品合约账户强制销户","Db"
"547","1882","一站式销户","Da"
"548","1883","一站式身份信息修改","Da"
"549","1884","一站式其他信息修改","Da"
"550","1885","一站式客户转移","Da"
"551","1886","一站式客户激活","Da"
"552","1888","一站式VIP权限开通","Da"
"553","1889","一站式VIP权限取消","Da"
"554","1890","一站式客户权限管理","Da"
"555","1891","一站式换存管银行","Da"
"556","1892","账户通关系绑定","Da"
"557","1893","账户通关系解绑","Da"
"558","1900","预约开户业务暂存","Da"
"559","1901","预约开户业务提交","Da"
"560","1902","预约业务审核中","Da"
"561","1903","预约业务审核通过","Da"
"562","1904","预约业务审核不通过","Da"
"563","1905","预约业务资料补扫","Da"
"564","1906","预约业务资料归档","Da"
"565","1907","预约业务作废","Da"
"566","1908","预约业务确认成功","Da"
"567","1909","预约业务确认失败","Da"
"568","1920","密码封打印","Da"
"569","1921","密码封打印待确认","Da"
"570","1922","密码封打印确认","Da"
"571","1923","密码封营业部领用","Da"
"572","1924","密码封营销人员领用","Da"
"573","1925","密码封启用","Da"
"574","1926","密码封作废申请","Da"
"575","1927","密码封作废确认","Da"
"576","1928","密码封过期","Da"
"577","1940","审核回访操作创建","Da"
"578","1941","审核回访操作触发","Da"
"579","1942","审核回访操作接受","Da"
"580","1943","审核回访操作延时","Da"
"581","1944","审核回访操作取消","Da"
"582","1945","审核回访操作打回","Da"
"583","1946","审核回访操作作废","Da"
"584","1947","审核回访操作完成","Da"
"585","1948","审核回访操作抽查","Da"
"586","1949","审核回访免检通过","Da"
"587","1950","审核回访重发","Da"
"588","1953","审核回访渠道变更","Da"
"589","1960","联盈理财设置","Da"
"590","1961","联盈理财取消","Da"
"591","2001","现金存","AAAA+"
"592","2002","现金取","AAAA+"
"593","2003","现金支票存","AAEA+"
"594","2004","现金支票取","AAEA+"
"595","2005","资金转存","AACA+"
"596","2006","资金转取","AACA+"
"597","2007","内部转帐存","AAFA+"
"598","2008","内部转帐取","AAFA+"
"599","2009","资金蓝补","AAAD+"
"600","2010","资金红冲","AAAD+"
"601","2011","费用转入","AAAB+"
"602","2013","利息归本","AAAF+"
"603","2014","罚息归本","AAAF+"
"604","2015","利税代扣","AAFE+"
"605","2016","利税划入","AACE+"
"606","2018","前台收费","AAAC+"
"607","2019","转汇收费","AAAC+"
"608","2020","转帐存","AAAA+"
"609","2021","强制现金取","AAAA+"
"610","2022","强制支票取","AADA+"
"611","2023","代理中登业务收费","AAAC+"
"612","2024","代理中登收费取消","AAAC+"
"613","2025","代理中登费用冻结","ABAa+"
"614","2026","代理中登费用解冻","ABAa+"
"615","2027","场外资金划入","AAAA+"
"616","2028","场外资金划出","AAAA+"
"617","2029","转网点资金转入","AAAA+"
"618","2030","转网点资金转出","AAAA+"
"619","2031","经纪提成","AAFA+"
"620","2032","经纪提成扣税","AAFE+"
"621","2033","年费收取","AAAB+"
"622","2035","佣金返还","AAAB+"
"623","2036","佣金扣除","AAAB+"
"624","2037","磁卡管理费收取","AAAB+"
"625","2038","信息服务费收取","AAAB+"
"626","2039","买卖网资金转出","AAAB+"
"627","2041","银行转存","AABA+"
"628","2042","银行转取","AABA+"
"629","2043","撤银行存","AABA-"
"630","2044","撤银行取","AABA-"
"631","2047","废银行存","ABBa-"
"632","2048","废银行取","ABBa-"
"633","2049","通知服务收费","AAAH+"
"634","2050","礼品扣款","AAAH+"
"635","2051","短信收费","AAAH+"
"636","2052","合作收费","AAAH+"
"637","2053","薪加薪费用划入","AAAH+"
"638","2054","薪加薪费用划出","AAAH+"
"639","2055","红利转入","AAAD+"
"640","2056","红利转出","AAAD+"
"641","2057","合约蓝补","AAAD+"
"642","2058","合约红冲","AAAD+"
"643","2059","批量利息归本","AAAF+"
"644","2060","批量罚息归本","AAAF+"
"645","2061","批量利税代扣","AAFE+"
"646","2062","批量利税划入","AACE+"
"647","2063","转存管转出","AABA+"
"648","2064","转存管转入","AABA+"
"649","2065","交易资金蓝补","AAAD+"
"650","2066","交易资金红冲","AAAD+"
"651","2067","转存管行资金转入","AACE+"
"652","2068","转存管行资金转出","AACE+"
"653","2069","销存管行资金转入","AACE+"
"654","2070","销存管行资金转出","AACE+"
"655","2075","客户合规后资金划入","AAAA+"
"656","2076","客户不合格资金划出","AAAA+"
"657","2077","不合格总账资金划入","AAAA+"
"658","2078","不合格总账资金划出","AAAA+"
"659","2081","债券资金拨入","AAAA+"
"660","2082","债券资金拨出","AAAA+"
"661","2083","期货转账存","AAAA+"
"662","2084","期货转账取","AAAA+"
"663","2085","休眠资金划入","AAAA+"
"664","2086","休眠资金划出","AAAA+"
"665","2087","总帐资金划入","AAAA+"
"666","2088","总帐资金划出","AAAA+"
"667","2089","存折存","AAEA+"
"668","2090","存折取","AAEA+"
"669","2091","手工资金划入","AAAA-"
"670","2092","手工资金划出","AAAA-"
"671","2093","自动资金划入","AAAA-"
"672","2094","自动资金划出","AAAA-"
"673","2095","个人划转现金存","AAFA+"
"674","2096","个人划转现金取","AAFA+"
"675","2097","个人划转支票存","AAFA+"
"676","2098","个人划转支票取","AAFA+"
"677","2099","预约取","AAEA+"
"678","2101","冲现金存","AAAA-"
"679","2102","冲现金取","AAAA-"
"680","2103","冲现金支票存","AAEA-"
"681","2104","冲现金支票取","AAEA-"
"682","2105","冲资金转存","AACA-"
"683","2106","冲资金转取","AACA-"
"684","2107","冲内部转帐存","AAFA-"
"685","2108","冲内部转帐取","AAFA-"
"686","2109","冲现金蓝补","AAAD-"
"687","2110","冲现金红冲","AAAD-"
"688","2113","冲利息归本","AAAF-"
"689","2114","冲罚息归本","AAAF-"
"690","2115","冲利税代扣","AAFE-"
"691","2116","冲利税划入","AACE-"
"692","2118","冲前台收费","AAAC-"
"693","2119","冲转汇收费","AAAC-"
"694","2120","冲转帐存","AAAA-"
"695","2141","冲银行存","AABA-"
"696","2142","冲银行取","AABA-"
"697","2143","冲撤转存","AABA-"
"698","2144","冲撤转取","AABA-"
"699","2145","冲银行代收","AABE-"
"700","2146","冲银行代付","AABE-"
"701","2147","冲存折存","AAEA-"
"702","2148","冲存折取","AAEA-"
"703","2183","冲期货转账存","AAAA-"
"704","2184","冲期货转账取","AAAA-"
"705","2201","融资转入","AACA+"
"706","2202","融资转出","AACA+"
"707","2203","融资付款","AACA+"
"708","2204","融资付息","AACF+"
"709","2205","付息转入","AACF+"
"710","2206","付款转入","AACA+"
"711","2210","直接还款","AACA+"
"712","2211","融券现金权益","AA"
"713","2212","预约增加","AACA+"
"714","2213","预约减少","AACA-"
"715","2214","预约取消","AACA-"
"716","2215","融券现金权益增加","AAAA+"
"717","2216","融券现金权益减少","AAAA+"
"718","2301","资金冻结","ABAa+"
"719","2302","资金解冻","ABAa+"
"720","2303","资金冻结取消","ABAa+"
"721","2304","资金解冻取消","ABAa+"
"722","2305","资金长冻","ABAa+"
"723","2306","资金长解","ABAa+"
"724","2307","存保证金","AACA+"
"725","2308","取保证金","AACA+"
"726","2309","预冻结资金","ABAa+"
"727","2310","预解冻资金","ABAa+"
"728","2311","申购预解冻","ABAa+"
"729","2312","基金赎回资金预解冻","ABAa+"
"730","2313","佣金冻结","ABAa+"
"731","2314","佣金解冻","ABAa+"
"732","2315","佣金收取","ABAa+"
"733","2316","佣金返还","ABAa+"
"734","2317","转账取预冻结","ABAa+"
"735","2318","转账冻结取消","ABAa+"
"736","2319","佣金差错调增","ABAa+"
"737","2320","佣金差错调减","ABAa+"
"738","2321","手动发起资金调拨","ABAc"
"739","2322","转账计划资金调拨","ABAc"
"740","2323","跨行转账资金调拨","ABAc"
"741","2325","资金预增","ABAa+"
"742","2326","资金预减","ABAa+"
"743","2327","资金预增取消","ABAa+"
"744","2328","资金预减取消","ABAa+"
"745","2331","资金禁取额度","ABAc"
"746","2332","资金禁取取消","ABAc"
"747","2333","资产禁取额度","ABAc"
"748","2334","资产禁取取消","ABAc"
"749","2335","支票套现额度","ABAc"
"750","2336","套现额度取消","ABAc"
"751","2337","现金透支额度","ABAc"
"752","2338","现金透支取消","ABAc"
"753","2339","未回可取额度","ABAc"
"754","2340","未回可取取消","ABAc"
"755","2341","重置支票余额","ABAc"
"756","2342","转融通当日到期资金禁取额度","Az"
"757","2343","转融通当日到期资金禁取取消","Az"
"758","2381","债券资金解冻","ABAa+"
"759","2382","债券资金冻结","ABAa+"
"760","2391","融资买入预约","ABAc"
"761","2392","预约额度调增","ABAc"
"762","2393","预约日期修改","ABAc"
"763","2394","取消当前预约","ABAc"
"764","2403","转帐支票预存","ABAc"
"765","2404","转帐支票取","AADA+"
"766","2405","转帐支票存","AADA+"
"767","2406","转帐支票作废","ABAc"
"768","2407","转帐蓝补","AADD+"
"769","2408","转帐红冲","AADD+"
"770","2409","支票内转存","AAFA+"
"771","2410","支票内转取","AAFA+"
"772","2414","冲转帐支票取","AADA-"
"773","2415","冲转帐支票存","AADA-"
"774","2417","冲转帐蓝补","AADD-"
"775","2418","冲转帐红冲","AADD-"
"776","2419","冲支票内转存","AADD-"
"777","2420","冲支票内转取","AADD-"
"778","2422","兑息扣税","AAFE+"
"779","2423","兑息税划入","AACE+"
"780","2424","限售预扣预缴","AAFE+"
"781","2425","限售扣税","AAFE+"
"782","2426","转融券出借代理费","AA"
"783","2427","转融券出借利息","AA"
"784","2428","转融通出借权益补偿","AA"
"785","2429","转融通出借罚息补偿","AA"
"786","2430","转融通出借罚息支付","AA"
"787","2431","转融通出借资金调账","AA"
"788","2432","自主行权扣税","AAFE+"
"789","2433","自主行权扣税划入","AACE+"
"790","2434","股息红利税补缴","AAFE+"
"791","2435","股息红利税补缴退款","AAFE+"
"792","2436","股票质押现金偿还","AA"
"793","2437","股票质押利息偿还","AA"
"794","2438","股票质押批量还息","AA"
"795","2439","股票质押批量还息划入","AA"
"796","2441","限售预扣税退款","AAFE+"
"797","2442","融资行权现金偿还本金","AA"
"798","2443","融资行权现金偿还利息","AA"
"799","2446","限制性股票融资现金偿还本金","AA"
"800","2447","限制性股票融资现金偿还利息","AA"
"801","2461","利息结算","ABCb+"
"802","2462","罚息结算","ABCb+"
"803","2501","资产修正存","ABCc"
"804","2502","资产修正取","ABCc"
"805","2503","调整股民利息","ABCc+"
"806","2504","调整罚息积数","ABCc+"
"807","2505","调整利息积数","ABCc+"
"808","2506","调整支票金额","ABCc+"
"809","2507","调整长冻金额","ABCc+"
"810","2508","调整冻结金额","ABCc+"
"811","2509","调整未回买入","ABCc+"
"812","2510","调整未回卖出","ABCc+"
"813","2511","调整银行资金","ABCc+"
"814","2512","银证通手续费补扣款","ABCc+"
"815","2513","银证通手续费补退款","ABCc+"
"816","2514","异常调整银行资金","ABCc+"
"817","2515","存管内部资金蓝补","AAAD+"
"818","2516","存管内部资金红冲","AAAD+"
"819","2517","银证通转入","ABCc+"
"820","2518","银证通转出","ABCc+"
"821","2519","存管内部交易资金蓝补","AAAD+"
"822","2520","存管内部交易资金红冲","AAAD+"
"823","2521","存管银行单边资金调增","ABCC+"
"824","2522","存管银行单边资金调减","ABCC+"
"825","2523","存管银行单边交易资金调增","ABCC+"
"826","2524","存管银行单边交易资金调减","ABCC+"
"827","2601","合作申购扣款","AACA+"
"828","2603","合作申购转存","AACA+"
"829","2604","合作申购转取","AACA+"
"830","2605","合作返款转存","AACA+"
"831","2606","合作返款转取","AACA+"
"832","2607","合作分摊转存","AACA+"
"833","2608","合作分摊转取","AACA+"
"834","2623","冲合作转存","AACA-"
"835","2624","冲合作转取","AACA-"
"836","2627","合作收益转存","AACA+"
"837","2628","合作收益转取","AACA+"
"838","2629","资管转让资金上账","AACA"
"839","2630","资管转让资金下账","AACA"
"840","2700","融资借款","AA"
"841","2701","买券偿还融券利息","AA"
"842","2711","卖券偿还融资负债","AA"
"843","2712","卖券偿还融资利息","AA"
"844","2713","卖券偿还融资费用","AA"
"845","2714","自动偿还融资负债","AA"
"846","2715","自动偿还融资利息","AA"
"847","2716","自动偿还融资费用","AA"
"848","2717","平仓偿还融资负债","AA"
"849","2718","平仓偿还融资利息","AA"
"850","2719","平仓偿还融资费用","AA"
"851","2720","直接偿还融资负债","AA"
"852","2721","直接偿还融资利息","AA"
"853","2722","直接偿还融资费用","AA"
"854","2723","直接平仓偿还融资负债","AA"
"855","2724","直接平仓偿还融资利息","AA"
"856","2725","直接平仓偿还融资费用","AA"
"857","2731","卖券偿还其他负债","AA"
"858","2732","卖券偿还其他负债利息","AA"
"859","2733","卖券偿还其他负债费用","AA"
"860","2734","自动偿还其他负债","AA"
"861","2735","自动偿还其他负债利息","AA"
"862","2736","自动偿还其他负债费用","AA"
"863","2737","平仓偿还其他负债","AA"
"864","2738","平仓偿还其他负债利息","AA"
"865","2739","平仓偿还其他负债费用","AA"
"866","2740","直接偿还其他负债","AA"
"867","2741","直接偿还其他负债利息","AA"
"868","2742","直接偿还其他负债费用","AA"
"869","2743","直接平仓偿还其他负债","AA"
"870","2744","直接平仓偿还其他负债利息","AA"
"871","2745","直接平仓偿还其他负债费用","AA"
"872","2768","合约来源转换费用扣收","AA"
"873","2769","合约来源转换利息扣收","AA"
"874","2770","余券红利转入","AA"
"875","2771","余券红股现金转入","AA"
"876","2772","现金了结融券负债","AA"
"877","2773","透支冲正","AA"
"878","2775","待扣收转其他负债转入","AA"
"879","2776","融券合约结息扣收","AA"
"880","2777","融资转其他负债金额扣收","AA"
"881","2778","其他负债罚息扣收","AA"
"882","2779","融资合约结息扣收","AA"
"883","2780","额度占用费扣收","AA"
"884","2781","合约管理费扣收","AA"
"885","2782","签约费扣收","AA"
"886","2783","红利补偿金额扣收","AA"
"887","2784","配股补偿扣收","AA"
"888","2785","专项费用扣收","AA"
"889","2786","通知费用收取","AA"
"890","2787","红股现金补偿扣收","AA"
"891","2788","送股权证补偿扣收","AA"
"892","2789","分离可转债补偿扣收","AA"
"893","2790","其他补偿扣收","AA"
"894","2791","专项融券费用扣收","AA"
"895","2792","专项融券违约金扣收","AA"
"896","2793","专项融券补偿金扣收","AA"
"897","2794","融券罚息扣收","AA"
"898","2795","融资罚息扣收","AA"
"899","2796","专项融资费用扣收","AA"
"900","2797","专项融资违约金扣收","AA"
"901","2798","增发补偿扣收","AA"
"902","2799","透支扣款","AA"
"903","3001","证券转入","BA"
"904","3002","证券转出","BA"
"905","3006","担保证券提交","BA"
"906","3007","担保证券提取","BA"
"907","3008","融资行权委托担保","BA"
"908","3009","融资行权委托担保撤销","BA"
"909","3010","融资行权交收成功","BA"
"910","3011","融资行权交收失败","BA"
"911","3012","卖券还款担保下账","BA"
"912","3013","质押还款担保下账","BA"
"913","3101","证券红冲","BA"
"914","3102","证券蓝补","BA"
"915","3103","证券长冻","BB"
"916","3104","证券长解","BB"
"917","3105","证券冻结","BB"
"918","3106","证券解冻","BB"
"919","3107","手动抵押","BB"
"920","3108","手动解押","BB"
"921","3109","自动抵押","BB"
"922","3110","自动解押","BB"
"923","3118","证券交易冻结","BA"
"924","3119","证券交易解冻","BA"
"925","3205","证券冻结取消","BB"
"926","3206","证券解冻取消","BB"
"927","3301","报价回购预约购回","BB"
"928","3302","报价回购预约购回取消","BB"
"929","3303","报价回购展期设置","BB"
"930","3304","报价回购展期取消","BB"
"931","3900","成本价设置","BB"
"932","3901","证券清理","BA"
"933","3902","上海配售取消","BA"
"934","3903","指定交易蓝补","BA"
"935","3904","指定交易红冲","BA"
"936","4001","证券卖出","BA"
"937","4002","证券买入","BA"
"938","4003","回购拆入","BA"
"939","4004","回购拆出","BA"
"940","4005","拆出购回","BA"
"941","4006","拆入购回","BA"
"942","4007","转托转入","BA"
"943","4008","转托转出","BA"
"944","4009","托管转入","BA"
"945","4010","托管转出","BA"
"946","4011","成交卖出","BB"
"947","4012","成交买入","BB"
"948","4013","配股缴款","BA"
"949","4014","配股入帐","BA"
"950","4015","红股入帐","BA"
"951","4016","新股入帐","BA"
"952","4017","权证入帐","BA"
"953","4018","股息入帐","BA"
"954","4019","余额入账","BA"
"955","4020","申购配号","BA"
"956","4021","申购返款","BA"
"957","4022","申购中签","BA"
"958","4023","转债转股","BA"
"959","4024","转债回售","BA"
"960","4025","转债赎回","BA"
"961","4026","配售中签","BA"
"962","4027","配售确认","BA"
"963","4028","指定交易","BB"
"964","4029","撤消指定","BB"
"965","4030","回购指定","BA"
"966","4031","回购注销","BA"
"967","4032","余额更新","BA"
"968","4033","股份记减","BA"
"969","4034","新股申购","BA"
"970","4035","配售入账","BA"
"971","4036","当日未回卖出","BA"
"972","4037","当日未回买入","BA"
"973","4038","要约预受股份冻结","BB"
"974","4039","要约解除股份解冻","BB"
"975","4040","收购结束股份解冻","BB"
"976","4041","深圳无冻质押","BB"
"977","4042","深圳无冻解押","BB"
"978","4043","深圳冻结质押","BB"
"979","4044","深圳解冻解押","BB"
"980","4045","上海质押登记","BB"
"981","4046","上海质押修改注销","BB"
"982","4047","上海质押修改登记","BB"
"983","4048","上海质押注销","BB"
"984","4049","上海质押到期注销","BB"
"985","4050","要约收购资金划入","BA"
"986","4051","要约收购资金划出","BA"
"987","4052","上海要约收购划转","BB"
"988","4053","手工质押","BB"
"989","4054","手工解押","BB"
"990","4055","债券兑付","BA"
"991","4056","基金分拆","BA"
"992","4057","基金合并","BA"
"993","4058","跨市ETF冲账","BA"
"994","4059","跨市ETF现金替代划出","BA"
"995","4060","跨市ETF现金替代划入","BA"
"996","4061","ETF申购","BA"
"997","4062","ETF赎回","BA"
"998","4063","ETF申购基金过户","BA"
"999","4064","ETF赎回基金过户","BA"
"1000","4065","ETF申购股份过户","BA"
"1001","4066","ETF赎回股份过户","BA"
"1002","4067","ETF现金差额划出","BA"
"1003","4068","ETF现金差额划入","BA"
"1004","4069","ETF现金替代划出","BA"
"1005","4070","ETF现金替代划入","BA"
"1006","4071","ETF现金替代退款","BA"
"1007","4072","ETF现金替代补款","BA"
"1008","4073","开放基金申购","BA"
"1009","4074","开放基金赎回","BA"
"1010","4075","开放基金赎回返款","BA"
"1011","4076","开放基金申购退款","BA"
"1012","4077","开放基金认购确认","BA"
"1013","4078","开放基金认购结果","BA"
"1014","4079","开放基金认购返款","BA"
"1015","4080","非担保交收失败","BA"
"1016","4081","交收资金冻结","BB"
"1017","4082","交收资金冻结取消","BB"
"1018","4083","交收证券冻结","BB"
"1019","4084","交收证券冻结取消","BB"
"1020","4085","回购履约金划出","BA"
"1021","4086","回购履约金划入","BA"
"1022","4087","买断式拆出购回","BA"
"1023","4088","买断式拆入购回","BA"
"1024","4089","买断式拆入回购","BA"
"1025","4090","买断式拆出回购","BA"
"1026","4091","认购行权[券]","BA"
"1027","4092","认购行权[现]","BA"
"1028","4093","认沽行权[券]","BA"
"1029","4094","认沽行权[现]","BA"
"1030","4095","行权标的转入","BA"
"1031","4096","行权标的转出","BA"
"1032","4097","权证上市转入","BA"
"1033","4098","行权权证转出","BA"
"1034","4099","账户式质押入库","BA"
"1035","4100","账户式质押出库","BA"
"1036","4101","处置券出库","BA"
"1037","4102","标准券调整","BA"
"1038","4103","质押回购拆入","BA"
"1039","4104","质押回购拆出","BA"
"1040","4105","拆出质押购回","BA"
"1041","4106","拆入质押购回","BA"
"1042","4107","欠库扣款","BA"
"1043","4108","欠库还款","BA"
"1044","4109","欠库扣违约金","BA"
"1045","4110","开放基金转换转入","BA"
"1046","4111","开放基金转换转出","BA"
"1047","4112","开放基金强行调增","BA"
"1048","4113","开放基金强行调减","BA"
"1049","4114","开放基金认购拉单","BA"
"1050","4115","开放基金强行赎回","BA"
"1051","4116","在库现券调整","BA"
"1052","4117","入库标准券划入","BA"
"1053","4118","出库标准券划出","BA"
"1054","4119","标准券调增","BA"
"1055","4120","标准券调减","BA"
"1056","4121","新股申购补扣","BA"
"1057","4122","市值申购中签","BA"
"1058","4125","挂账兑付","BA2"
"1059","4126","挂账派息","BA"
"1060","4127","转托管费","BA"
"1061","4128","非交易过户收费","BA"
"1062","4129","配股退款退息","BA"
"1063","4130","备付金违约扣减","BA"
"1064","4131","卖空补入","BA"
"1065","4132","保证金违约扣减","BA"
"1066","4133","保证金违约返还","BA"
"1067","4134","备付金违约返还","BA"
"1068","4135","期权行权现券划出","BA"
"1069","4136","期权行权现券划入","BA"
"1070","4139","市值申购中签扣款","BA"
"1071","4140","报价回购拆出","BA"
"1072","4141","拆出报价购回","BA"
"1073","4142","拆出报价提前购回","BA"
"1074","4143","证券司法冻结","BA"
"1075","4144","证券司法解冻","BA"
"1076","4145","证券司法续冻","BA"
"1077","4146","证券轮候冻结","BA"
"1078","4147","证券轮候解冻","BA"
"1079","4148","证券轮候续冻","BA"
"1080","4149","约定购回初始交易","BA"
"1081","4150","约定购回购回交易","BA"
"1082","4151","大宗交易证券卖出","BA"
"1083","4152","大宗交易证券买入","BA"
"1084","4153","转融通出借人证券划入","BA"
"1085","4154","转融通出借人证券划出","BA"
"1086","4155","转融通担保品证券划入","BA"
"1087","4156","转融通担保品证券划出","BA"
"1088","4159","证金公司划付权益给出借人","BA"
"1089","4160","证金公司临时动用担保证券","BA"
"1090","4161","证金公司临时归还担保证券","BA"
"1091","4162","证金公司归还担保证券权益","BA"
"1092","4163","证金公司处置违约担保证券","BA"
"1093","4164","证金公司证券划付申请调账","BA"
"1094","4165","证券公司证券划付申请调账","BA"
"1095","4166","市值申购中签扣款回冲","BA"
"1096","4170","交收资金修正","BB"
"1097","4171","交收资金修正取消","BB"
"1098","4172","交收股份修正","BB"
"1099","4173","交收股份修正取消","BB"
"1100","4175","货币基金申购","BA"
"1101","4176","货币基金赎回","BA"
"1102","4177","自主行权","BA"
"1103","4178","实时货币基金现金替代划出","BA"
"1104","4179","实时货币基金现金替代划入","BA"
"1105","4180","实时货币基金申购份额过户","BA"
"1106","4181","实时货币基金赎回份额过户","BA"
"1107","4182","实时货币基金结算费用支付","BA"
"1108","4183","股票质押初始交易","BA"
"1109","4184","股票质押补充质押","BA"
"1110","4185","股票质押购回交易","BA"
"1111","4186","股票质押违约处置","BA"
"1112","4187","股票质押现金偿还","AA"
"1113","4188","股票质押终止购回","BA"
"1114","4189","股票质押回购标的部分解押","BA"
"1115","4190","股票质押回购红利部分解押","BA"
"1116","4191","上市流通","BA"
"1117","4193","资管份额转出","BA"
"1118","4194","资管份额转入","BA"
"1119","4195","交收资金划出","BA"
"1120","4196","交收资金划入","BA"
"1121","4198","股票质押回购利息","BA"
"1122","4199","股票质押部分购回","BA"
"1123","4401","债券预发行交易保证金收取","AA"
"1124","4402","债券预发行交易保证金退还","AA"
"1125","4403","债券预发行初始额度注册","BA"
"1126","4404","债券预发行初始额度注销","BA"
"1127","4405","债券预发行承销资金结算","BA"
"1128","4406","债券预发行承销证券交收","BA"
"1129","4407","债券预发行现金补偿","BA"
"1130","4410","期权备兑开仓锁券","BB"
"1131","4411","期权认沽行权锁券","BB"
"1132","4412","期权行权证券申报处置划出","BA"
"1133","4413","期权行权证券申报处置划入","BA"
"1134","4414","期权行权处置证券返还划出","BA"
"1135","4415","期权行权处置证券返还划入","BA"
"1136","4416","期权行权标的垫券划入","BA"
"1137","4417","期权行权标的垫券划出","BA"
"1138","4418","期权行权标的还券划入","BA"
"1139","4419","期权行权标的还券划出","BA"
"1140","4420","港股通组合费收取","BA"
"1141","4421","港股通组合费补扣","BA"
"1142","4422","融资行权本金偿还","BA"
"1143","4423","融资行权权证划出","BA"
"1144","4424","融资行权标的划入","BA"
"1145","4425","融资行权资金融入","BA"
"1146","4426","融资行权利息偿还","BA"
"1147","4427","期权行权待清偿证券扣划","BA"
"1148","4428","期权行权待清偿证券返还","BA"
"1149","4429","债券质押初始交易","BA"
"1150","4430","债券质押购回交易","BA"
"1151","4431","债券质押购回利息","BA"
"1152","4432","限制性股票融资资金划出","BA"
"1153","4433","限制性股票融资资金融入","BA"
"1154","4434","限制性股票融资本金归还","BA"
"1155","4435","限制性股票融资利息归还","BA"
"1156","4701","还款卖出","BA"
"1157","4702","融资买入","BA"
"1158","4703","融券卖出","BA"
"1159","4704","还券买入","BA"
"1160","4705","融资平仓","BA"
"1161","4706","融券平仓","BA"
"1162","4721","担保品划入","BA"
"1163","4722","担保品划出","BA"
"1164","4723","融券借券","BB"
"1165","4724","买券还券","BB"
"1166","4725","直接还券","BA"
"1167","4726","多还退券","BA"
"1168","4727","平仓还券","BB"
"1169","4999","失败业务","BB"
"1170","5000","资金账户总数","C1a"
"1171","5001","正常资金账户数","C1a"
"1172","5002","冻结资金账户数","C1a"
"1173","5003","挂失资金账户数","C1a"
"1174","5004","销户资金账户数","C1a"
"1175","5005","币种资金账户数","C1a"
"1176","5006","休眠资金账户数","C1a"
"1177","5007","不合格资金账户数","C1a"
"1178","5008","风险处置资金账户数","C1a"
"1179","5009","休眠激活资产账户数","C1a"
"1180","5010","代理人总数","C1z"
"1181","5011","正常代理人数","C1z"
"1182","5012","冻结代理人数","C1z"
"1183","5013","挂失代理人数","C1z"
"1184","5014","销户代理人数","C1z"
"1185","5015","代理委托人数","C1z"
"1186","5016","代理存取人数","C1z"
"1187","5020","客户总人数","C1a"
"1188","5021","正常客户人数","C1a"
"1189","5022","销户客户人数","C1a"
"1190","5023","个人客户人数","C1a"
"1191","5024","机构客户人数","C1a"
"1192","5200","期初资金余额","C2h"
"1193","5201","当前资金余额","C2h"
"1194","5202","冻结资金金额","C2k"
"1195","5203","解冻资金金额","C2l"
"1196","5204","利息积数","C2i"
"1197","5205","罚息积数","C2z"
"1198","5206","待入帐利息","C2i"
"1199","5207","未回买入资金","C2z"
"1200","5208","未回卖出资金","C2z"
"1201","5209","预计利息","C2i"
"1202","5210","预计罚息","C2z"
"1203","5211","预计利息税","C2i"
"1204","5212","透支总额","C2j"
"1205","5213","证券市值汇总","C2z"
"1206","5214","股东证券市值汇总","C2z"
"1207","5215","股东当前资金余额","C2z"
"1208","5217","休眠户资金余额","C2h"
"1209","5218","不合格资金余额","C2h"
"1210","5223","不合格结息","C2i"
"1211","5224","风险处置结息","C2h"
"1212","5225","风险处置资金余额","C2h"
"1213","5301","盈亏分析人数","C1z"
"1214","5302","邮递对帐人数","C1z"
"1215","5303","提醒标志人数","C1z"
"1216","5304","动态密码人数","C1z"
"1217","5305","自动转帐人数","C1z"
"1218","5306","经纪客户人数","C1z"
"1219","5307","基金代销人数","C1z"
"1220","5308","签定协议人数","C1z"
"1221","5309","多账户存管人数","C1z"
"1222","5310","电子合同人数","C1z"
"1223","5311","费用精确冻结人数","C1z"
"1224","5312","资金存管人数","C1z"
"1225","5313","周边锁定保护人数","C1z"
"1226","5314","网站客户人数","C1z"
"1227","5316","债券代销人数","C1z"
"1228","5317","callcenter客户人数","C1z"
"1229","5318","手机客户人数","C1z"
"1230","5351","禁止销户人数","C1z"
"1231","5352","禁止买入人数","C1z"
"1232","5353","禁止卖出人数","C1z"
"1233","5354","禁撤销指定人数","C1z"
"1234","5355","禁回购撤指人数","C1z"
"1235","5356","禁止转托管人数","C1z"
"1236","5357","禁止银行支取人数","C1z"
"1237","5358","禁止柜台支取人数","C1z"
"1238","5359","周边限制输入人数","C1z"
"1239","5360","禁止股东转移人数","C1z"
"1240","5376","自助委托人数","C1z"
"1241","5377","电话委托人数","C1z"
"1242","5378","驻留委托人数","C1z"
"1243","5379","远程委托人数","C1z"
"1244","5380","柜台委托人数","C1z"
"1245","5381","漫游委托人数","C1z"
"1246","5382","分支委托人数","C1z"
"1247","5383","网上委托人数","C1z"
"1248","5384","手机委托人数","C1z"
"1249","5385","VIP委托人数","C1z"
"1250","5402","转托转出股东数","C1b"
"1251","5403","撤销指定股东数","C1b"
"1252","5404","指定交易股东数","C1b"
"1253","5411","股东总数","C1b"
"1254","5412","正常股东数","C1b"
"1255","5413","挂失股东数","C1b"
"1256","5414","冻结股东数","C1b"
"1257","5415","销户股东数","C1b"
"1258","5416","普通账户数","C1b"
"1259","5417","基金账户数","C1b"
"1260","5418","法人账户数","C1b"
"1261","5419","回购账户数","C1b"
"1262","5420","机构账户数","C1b"
"1263","5434","市价委托股东数","C1b"
"1264","5435","代理缴款股东数","C1b"
"1265","5439","代理申购股东数","C1b"
"1266","5440","代理配售股东数","C1b"
"1267","5441","报价委托股东数","C1b"
"1268","5442","质押回购股东数","C1b"
"1269","5443","权证交易股东数","C1b"
"1270","5444","ETF申购股东数","C1b"
"1271","5445","买断回购股东数","C1b"
"1272","5446","创业板交易股东数","C1b"
"1273","5471","禁止买入股东数","C1b"
"1274","5472","禁止卖出股东数","C1b"
"1275","5473","禁撤销指定股东数","C1b"
"1276","5474","禁回购注销股东数","C1b"
"1277","5475","禁止转托管股东数","C1b"
"1278","5700","融资授信额度","C2z"
"1279","5701","融券授信额度","C2z"
"1280","5702","授信总额度","C2z"
"1281","5703","已激活账户融资授信额度","C2z"
"1282","5704","已激活账户融券授信额度","C2z"
"1283","5705","已激活账户授信总额度","C2z"
"1284","5706","融资已使用额度","C2z"
"1285","5707","融券已使用额度","C2z"
"1286","5708","已使用总额度","C2z"
"1287","5720","信用账户开户人数","C2z"
"1288","5721","信用账户销户人数","C2z"
"1289","5780","净资产","C2z"
"1290","5800","期初融资余额","C2z"
"1291","5801","期初融券余额","C2z"
"1292","5802","当前融资余额","C2z"
"1293","5803","当前融券余额","C2z"
"1294","5804","新开仓融资金额","C2z"
"1295","5805","新开仓融券金额","C2z"
"1296","5806","融资负债利息","C2z"
"1297","5807","融券负债利息","C2z"
"1298","5808","送股补偿","C2z"
"1299","5809","派息补偿","C2z"
"1300","5810","配股补偿","C2z"
"1301","5811","代扣收费用","C2z"
"1302","5812","当前融资卖券还款额","C2z"
"1303","5813","当前融资强制平仓额","C2z"
"1304","5814","当前融资直接还款额","C2z"
"1305","5815","当前融资偿还总额","C2z"
"1306","5816","融资已还利息","C2z"
"1307","5817","融券已还利息","C2z"
"1308","5818","融资负债罚息","C2z"
"1309","5819","已用保证金","C2z"
"1310","5820","当前融券强制平仓额","C2z"
"1311","5823","融券归还金额(市值)","C2z"
"1312","5824","融资融券交易金额","C2z"
"1313","5825","融资融券买卖业务净收入","C2z"
"1314","5901","预警客户数量","C1a"
"1315","5902","追保客户数量","C1a"
"1316","5903","平仓客户数量","C1a"
"1317","5904","提成回购拆出","C2z"
"1318","5905","费用分成卖出","C2z"
"1319","5906","费用分成买入","C2z"
"1320","5907","提成要约收购","C2z"
"1321","5908","卖出费用分成","C2z"
"1322","5909","买入费用分成","C2z"
"1323","5950","担保品市值","C2z"
"1324","5951","担保品可供抵押规模","C2z"
"1325","5952","担保品总规模（含现金）","C2z"
"1326","5953","平均折算率","C2z"
"1327","7000","档案任务新增","L"
"1328","7001","营业部复核档案任务","L"
"1329","7002","总部复核档案任务","L"
"1330","7003","档案补扫","L"
"1331","7004","档案任务删除","L"
"1332","7005","档案任务修改","L"
"1333","7006","档案任务采集","L"
"1334","7007","客户档案身份确认","L"
"1335","7010","档案子任务新增","L"
"1336","7011","档案子任务删除","L"
"1337","7014","扫描图像新增","L"
"1338","7015","扫描图像上传营业部","L"
"1339","7016","扫描图像上传总部","L"
"1340","7017","扫描图像删除","L"
"1341","7021","档案立卷","L"
"1342","7022","档案组卷","L"
"1343","7023","案卷归档","L"
"1344","7026","档案新增","L"
"1345","7027","档案借出","L"
"1346","7028","档案归还","L"
"1347","7029","档案迁出","L"
"1348","7030","档案迁入","L"
"1349","7031","档案销毁","L"
"1350","7032","档案打回","L"
"1351","7033","档案补录","L"
"1352","7040","档案报送人工驳回","L"
"1353","7041","档案报送质检驳回","L"
"1354","7042","档案报送中登失败驳回","L"
"1355","7043","档案报送中登核对驳回","L"
"1356","7044","档案报送记录删除","L"
"1357","7045","档案报送记录新建","L"
"1358","7046","档案报送记录采集","L"
"1359","7047","档案报送记录导出","L"
"1360","7048","资金账户报送信息导入","L"
"1361","7049","资金账户报送信息采集","L"
"1362","7050","资金账户报送信息审核","L"
"1363","7051","证券理财解挂失败","LA"
"1364","7052","资金账户报送信息驳回","L"
"1365","7053","资金账户报送信息导出","L"
"1366","7054","资金账户报送信息更新","L"
"1367","15000","资源组合内容增加","M"
"1368","15001","资源组合内容删除","M"
"1369","15100","认证用户开户","M"
"1370","15101","认证用户销户","M"
"1371","15102","认证用户信息修改","M"
"1372","15103","认证用户预留信息修改","M"
"1373","15104","认证用户类别修改","M"
"1374","15105","认证用户资源串修改","M"
"1375","15106","用户实时同步增加","M"
"1376","15107","用户实时同步修改","M"
"1377","15108","用户全量同步增加","M"
"1378","15109","用户全量同步修改","M"
"1379","15110","用户注册开户","M"
"1380","15111","用户注册销户","M"
"1381","15112","用户注册账户关联","M"
"1382","15113","用户注册账户关联取消","M"
"1383","15114","用户注册用户名修改","M"
"1384","15115","用户认证密码修改","M"
"1385","15116","用户认证密码清密","M"
"1386","15117","用户认证密码锁定","M"
"1387","15118","用户认证密码解锁","M"
"1388","15119","用户服务密码修改","M"
"1389","15120","用户服务密码清密","M"
"1390","15121","用户服务密码锁定","M"
"1391","15122","用户服务密码解锁","M"
"1392","15123","用户通讯密码修改","M"
"1393","15124","用户通讯密码清密","M"
"1394","15125","用户通讯密码锁定","M"
"1395","15126","用户通讯密码解锁","M"
"1396","15127","用户分级信息增加","M"
"1397","15128","用户分级信息删除","M"
"1398","15129","用户分级信息修改","M"
"1399","15130","用户资源组合增加","M"
"1400","15131","用户资源组合删除","M"
"1401","15132","用户资源组合修改","M"
"1402","15133","用户绑定信息增加","M"
"1403","15134","用户绑定信息删除","M"
"1404","15300","三方认证开户","M"
"1405","15301","三方认证销户","M"
"1406","15302","三方认证修改","M"
"1407","15303","紧急密码生成","M"
"1408","15304","紧急密码启用","M"
"1409","15305","紧急密码禁用","M"
"1410","15310","动态密码令牌签发","M"
"1411","15311","动态密码令牌注销","M"
"1412","15312","动态密码令牌启用","M"
"1413","15313","动态密码令牌禁用","M"
"1414","15314","动态密码令牌挂失","M"
"1415","15315","动态密码令牌解挂","M"
"1416","15316","动态密码令牌锁定","M"
"1417","15317","动态密码令牌解锁","M"
"1418","15318","动态密码令牌作废","M"
"1419","15319","动态密码令牌恢复","M"
"1420","15320","动态密码令牌同步","M"
"1421","15321","动态密码令牌更换","M"
"1422","15322","动态密码令牌导入","M"
"1423","15323","动态密码令牌删除","M"
"1424","15324","动态密码令牌延期","M"
"1425","15340","UKEY数字证书签发","M"
"1426","15341","UKEY数字证书吊销","M"
"1427","15342","USBKEY证书冻结","Dz"
"1428","15343","USBKEY证书解冻","Dz"
"1429","15344","USBKEY证书挂失","Dz"
"1430","15345","USBKEY证书解挂","Dz"
"1431","15346","USBKEY证书锁定","Dz"
"1432","15347","USBKEY证书解锁","Dz"
"1433","15348","UKEY数字证书重新签发","M"
"1434","15351","USBKEY证书更换","Dz"
"1435","15352","USBKEY证书导入","Dz"
"1436","15353","USBKEY证书删除","Dz"
"1437","15354","USBKEY证书延期","Dz"
"1438","15355","UKEY数字证书临时失效","M"
"1439","15356","UKEY PIN码修改","M"
"1440","21000","出借人合同签署","Ua"
"1441","21001","出借人合同修改","Ua"
"1442","21002","出借人合同注销","Ua"
"1443","21003","出借人账户开户","Ua"
"1444","21004","出借人账户销户","Ua"
"1445","21006","出借人资格解冻","Ua"
"1446","21007","出借人资格冻结","Ua"
"1447","21011","约定资格开通","Ua"
"1448","21012","约定资格取消","Ua"
"1449","21013","约定资格修改","Ua"
"1450","21014","出借人合同签署审批通过","Ua"
"1451","21015","出借人合同签署审批不通过","Ua"
"1452","21016","出借人账户开户审批通过","Ua"
"1453","21017","出借人账户开户审批不通过","Ua"
"1454","21100","出借委托代理协议签署","Uz"
"1455","21101","出借委托代理协议注销","Uz"
"1456","21102","出借委托代理协议修改","Uz"
"1457","21400","转融资借入成交","Uz"
"1458","21401","转融资借入展期","Uz"
"1459","21402","转融资借入调账","Uz"
"1460","21403","转融资借入到期日顺延","Uz"
"1461","21410","转融资借入合约了结","Uz"
"1462","21411","转融资借入本金偿还","Uz"
"1463","21412","转融资借入利息偿还","Uz"
"1464","21413","转融资借入罚息偿还","Uz"
"1465","21414","转融资借入违约金偿还","Uz"
"1466","21415","转融资借入其他费偿还","Uz"
"1467","21420","转融券借入成交","Uz"
"1468","21421","转融券借入展期","Uz"
"1469","21422","转融券借入调账","Uz"
"1470","21423","转融券借入资金补偿","Uz"
"1471","21424","转融券借入证券补偿","Uz"
"1472","21425","转融券借入现金替代","Uz"
"1473","21426","转融券借入到期日顺延","Uz"
"1474","21430","转融券借入合约了结","Uz"
"1475","21431","转融券借入股份偿还","Uz"
"1476","21432","转融券借入权益资金偿还","Uz"
"1477","21433","转融券借入利息偿还","Uz"
"1478","21434","转融券借入罚息偿还","Uz"
"1479","21435","转融券借入违约金偿还","Uz"
"1480","21436","转融券借入其他费偿还","Uz"
"1481","21437","转融券借入权益股份偿还","Uz"
"1482","21438","转融通借入资金调账","Uz"
"1483","21439","转融通借入证券调账","Uz"
"1484","21450","转融券出借成交","Uz"
"1485","21451","转融券出借展期","Uz"
"1486","21452","转融券出借调账","Uz"
"1487","21453","转融券出借资金补偿","Uz"
"1488","21454","转融券出借证券补偿","Uz"
"1489","21455","转融券出借现金替代","Uz"
"1490","21456","转融券出借到期日顺延","Uz"
"1491","21460","转融券出借合约了结","Uz"
"1492","21461","转融券出借股份偿还","Uz"
"1493","21462","转融券出借权益资金偿还","Uz"
"1494","21463","转融券出借利息偿还","Uz"
"1495","21464","转融券出借罚息偿还","Uz"
"1496","21465","转融券出借违约金偿还","Uz"
"1497","21466","转融券出借其他费偿还","Uz"
"1498","21467","转融券出借费用扣收","Uz"
"1499","21468","转融券出借权益股份偿还","Uz"
"1500","21469","转融通出借资金调账","Uz"
"1501","21470","转融通出借证券调账","Uz"
"1502","21500","出借人开户数量","Uz"
"1503","21501","出借人注销数量","Uz"
"1504","21502","出借人总数量","Uz"
"1505","21503","约定客户开户数量","Uz"
"1506","21504","约定客户注销数量","Uz"
"1507","21505","约定客户总数量","Uz"
"1508","21506","出借代理协议开通数量","Uz"
"1509","21507","出借代理协议取消数量","Uz"
"1510","21508","出借代理协议总数量","Uz"
"1511","21520","转融资借入合约金额","Uz"
"1512","21521","转融资借入预计利息","Uz"
"1513","21522","转融资借入预计违约金","Uz"
"1514","21530","转融券借入合约金额","Uz"
"1515","21531","转融券借入合约负债","Uz"
"1516","21532","转融券借入利息积数","Uz"
"1517","21533","转融券借入预计利息","Uz"
"1518","21534","转融券借入预计划出利息","Uz"
"1519","21535","转融券借入预计违约金","Uz"
"1520","21536","转融券借入补偿金额","Uz"
"1521","21540","转融券出借合约金额","Uz"
"1522","21541","转融券出借利息积数","Uz"
"1523","21542","转融券出借预计利息","Uz"
"1524","21543","转融券出借预计费用","Uz"
"1525","21544","转融券出借补偿金额","Uz"
"1526","21550","约定融资合约金额","Uz"
"1527","21551","约定融资合约利息","Uz"
"1528","21552","约定融资合约违约金","Uz"
"1529","21560","约定融券合约金额","Uz"
"1530","21561","约定融券合约负债","Uz"
"1531","21562","约定融券合约利息","Uz"
"1532","21563","约定融券合约违约金","Uz"
"1533","21580","转融通授信额度","Uz"
"1534","21581","转融通已用额度","Uz"
"1535","21701","转融通外部券源划入","Uz"
"1536","21702","转融通外部券源划出","Uz"
"1537","21703","转融通外部券源修改","Uz"
"1538","21704","转融通外部券源成交","Uz"
"1539","21711","自营资金认领","Uz"
"1540","21712","自营资金退领","Uz"
"1541","21713","自营资金利息归本","Uz"
"1542","21714","自营资金利息提取","Uz"
"1543","21720","自营股份认领","Uz"
"1544","21721","自营股份退领","Uz"
"1545","21722","自营股份持仓成本更新","Uz"
"1546","21723","自营股份利息归本","Uz"
"1547","21724","自营股份派息补偿","Uz"
"1548","21725","自营股份红利补偿","Uz"
"1549","21726","自营股份配股补偿","Uz"
"1550","21727","自营股份其他补偿","Uz"
"1551","21728","自营股份红股补偿","Uz"
"1552","21729","自营股份利息提取","Uz"
"1553","21730","自营股份派息补偿资金提取","Uz"
"1554","21731","自营股份红利补偿资金提取","Uz"
"1555","21732","自营股份配股补偿资金提取","Uz"
"1556","21733","自营股份其他补偿资金提取","Uz"
"1557","21740","库存资金划入","Uz"
"1558","21741","库存资金划出","Uz"
"1559","21742","库存资金调账","Uz"
"1560","21750","库存股份划入","Uz"
"1561","21751","库存股份划出","Uz"
"1562","21752","库存股份调账","Uz"
"1563","21753","库存股份资金补偿","Uz"
"1564","21754","库存股份股份补偿","Uz"
"1565","21760","库存资金使用","Uz"
"1566","21761","库存使用资金归还","Uz"
"1567","21762","库存资金使用利息归本","Uz"
"1568","21763","库存使用资金调账","Uz"
"1569","21764","库存资金调仓(调入)","Uz"
"1570","21765","库存资金调仓(调出)","Uz"
"1571","21780","库存股份使用","Uz"
"1572","21781","库存使用股份归还","Uz"
"1573","21782","库存股份使用利息归本","Uz"
"1574","21783","库存使用股份现金了结","Uz"
"1575","21784","库存使用股份调账","Uz"
"1576","21785","库存使用股份资金补偿","Uz"
"1577","21786","库存使用股份股份补偿","Uz"
"1578","21787","库存股份调仓(调入)","Uz"
"1579","21788","库存股份调仓(调出)","Uz"
"1580","21800","头寸融资合约成交","Uz"
"1581","21801","头寸融资合约归还","Uz"
"1582","21802","头寸融资合约展期","Uz"
"1583","21803","头寸融资合约调账","Uz"
"1584","21804","头寸融资合约占用利息归本","Uz"
"1585","21805","头寸融资合约占用罚息扣收","Uz"
"1586","21806","头寸融资合约占用利息结息","Uz"
"1587","21807","头寸融资合约占用利息免除","Uz"
"1588","21808","头寸融资合约占用罚息免除","Uz"
"1589","21817","头寸合约价格更新","Uz"
"1590","21818","头寸合约利率修改","Uz"
"1591","21819","头寸合约到期日顺延","Uz"
"1592","21820","头寸融券合约成交","Uz"
"1593","21821","头寸融券合约归还","Uz"
"1594","21822","头寸融券合约展期","Uz"
"1595","21823","头寸融券合约调账","Uz"
"1596","21824","头寸融券合约占用股份现金了结","Uz"
"1597","21825","头寸融券合约占用利息归本","Uz"
"1598","21826","头寸融券合约占用罚息扣收","Uz"
"1599","21827","头寸融券合约占用利息结息","Uz"
"1600","21828","头寸融券合约占用利息免除","Uz"
"1601","21829","头寸融券合约占用罚息免除","Uz"
"1602","21830","头寸融券合约资金补偿","Uz"
"1603","21831","头寸融券合约股份补偿","Uz"
"1604","21850","头寸资金使用","Uz"
"1605","21851","头寸使用资金归还","Uz"
"1606","21852","头寸使用资金调账","Uz"
"1607","21853","头寸使用资金利息归本","Uz"
"1608","21854","头寸使用资金罚息扣收","Uz"
"1609","21855","头寸使用资金利息结息","Uz"
"1610","21856","头寸使用资金利息免除","Uz"
"1611","21857","头寸使用资金罚息免除","Uz"
"1612","21858","融资负债合约转换(转入)","Uz"
"1613","21859","融资负债合约转换(转出)","Uz"
"1614","21870","头寸股份使用","Uz"
"1615","21871","头寸使用股份归还","Uz"
"1616","21872","头寸使用股份调账","Uz"
"1617","21873","头寸使用股份利息归本","Uz"
"1618","21874","头寸使用股份罚息扣收","Uz"
"1619","21875","头寸使用股份利息结息","Uz"
"1620","21876","头寸使用股份现金了结","Uz"
"1621","21877","头寸使用股份资金补偿","Uz"
"1622","21878","头寸使用股份股份补偿","Uz"
"1623","21879","头寸使用股份利息免除","Uz"
"1624","21880","头寸使用股份罚息免除","Uz"
"1625","21881","融券负债合约转换(转入)","Uz"
"1626","21882","融券负债合约转换(转出)","Uz"
"1627","23001","消费功能开通","Az   "
"1628","23002","消费功能关闭","Az   "
"1629","23003","消费渠道开通","Az   "
"1630","23004","消费渠道关闭","Az   "
"1631","23005","联系信息修改","Az   "
"1632","23006","客户额度设置","Az   "
"1633","23007","系统额度设置","Az   "
"1634","23008","渠道额度设置","Az   "
"1635","23009","客户临时大额设置","Az   "
"1636","23010","三方支付消费冻结","Az   "
"1637","23011","三方支付消费扣款","Az   "
"1638","23012","通知方式修改","Az   "
"1639","23013","消费密码变更","Az   "
"1640","23014","消费密码挂失","Az   "
"1641","23015","消费密码重置","Az   "
"1642","23016","客户自助登陆成功","Az   "
"1643","23017","支付限制权限变更","Az   "
"1644","23020","三方支付消费回冲","Az   "
"1645","23021","三方支付消费请退款","Az   "
"1646","23022","支付帐户限制修改","Az   "
"1647","23023","支付客户信息同步","Az   "
"1648","23026","三方消费支付退货","Az"
"1649","23301","银行转账签约","Az   "
"1650","23302","银行转账解约","Az   "
"1651","23303","银行转账转入","Az   "
"1652","23304","银行转账转出","Az   "
"1653","23305","银行流水返还","Az   "
"1654","23306","转账差错请款","Az   "
"1655","23307","转账差错退款","Az   "
"1656","23308","银行转账开通","Az   "
"1657","23309","银行转账关闭","Az   "
"1658","23310","银行转账回冲","Az   "
"1659","23311","银行转账账户冻结","Az   "
"1660","23312","银行转账账户解冻","Az   "
"1661","23315","理财申购","Az   "
"1662","23316","理财认购","Az   "
"1663","23317","理财请款","Az   "
"1664","23318","理财分红","Az   "
"1665","23319","理财赎回","Az   "
"1666","23320","理财退款","Az   "
"1667","23321","B2C网上支付","Az   "
"1668","23322","B2C退款","Az   "
"1669","23323","B2C返还","Az   "
"1670","23324","B2C差错请款","Az   "
"1671","23325","B2C差错退款","Az   "
"1672","23330","认购退款资金","Az"
"1673","23331","清盘资金","Az"
"1674","23332","转让手续费","Az"
"1675","31000","融资买入","Rz"
"1676","31011","卖券还款","Rz"
"1677","31012","卖券还款（跨市卖券）","Rz"
"1678","31013","卖券还款（卖担保品）","Rz"
"1679","31014","直接还款（现金归还）","Rz"
"1680","31015","直接还款（日终扣款）","Rz"
"1681","31016","直接还款（平仓归还）","Rz"
"1682","31017","融资平仓","Rz"
"1683","31018","融资平仓（跨市平仓）","Rz"
"1684","31019","合约来源转换(转出)","Rz"
"1685","31020","合约来源转换(转入)","Rz"
"1686","31021","融资转其他负债","Rz"
"1687","31050","待扣收费用扣取","Rz"
"1688","31100","融券卖出","Rz"
"1689","31101","买券还券","Rz"
"1690","31102","平仓还券","Rz"
"1691","31103","现券还券","Rz"
"1692","31104","平仓现券还券","Rz"
"1693","31105","融券利息支付","Rz"
"1694","31106","红股权益转负债","Rz"
"1695","31107","融券现金了结","RA"
"1696","31108","融资融券合约结息","Rz"
"1697","31109","融资融券合约延期","Rz"
"1698","31110","融资融券合约盈亏调整","Rz"
"1699","31111","余券权益补偿","Rz"
"1700","31112","融资融券合约期限强制变更","Rz"
"1701","31113","融资融券合约利息免除","Rz"
"1702","31114","融资融券合约罚息免除","Rz"
"1703","31116","其他负债生成","Rz"
"1704","31117","待扣收转其他负债生成","Rz"
"1705","31118","融资融券合展期状态变更","Rz"
"1706","31119","融资融券合约展期","Rz"
"1707","31120","融资融券合约头寸变更","Rz"
"1708","31200","贷款划入","AA"
"1709","31201","贷款划出","AA"
"1710","31202","利息划入","AA"
"1711","31203","权益资金划入","AA"
"1712","31204","权益资金划出","AA"
"1713","31205","信用费用划入","AA"
"1714","31206","余券资金划出","AA"
"1715","31207","融券现金了结划入","AA"
"1716","31208","专项融券资金费用划入","AA"
"1717","31209","专项融资资金费用划入","AA"
"1718","31210","余券红利转出","AA"
"1719","31211","余券红股现金转出","AA"
"1720","31213","透支资金划入","AA"
"1721","31214","透支资金划出","AA"
"1722","31215","待扣收转其他负债划出","AA"
"1723","31216","融资转其他负债金额划入","AA"
"1724","31217","合约来源转换费用划入","AA"
"1725","31218","合约来源转换利息划入","AA"
"1726","31241","转融资(本金)借入","AA"
"1727","31242","转融资(本金)归还","AA"
"1728","31243","转融通利息费用支付","AA"
"1729","31244","转融通违约罚息支付","AA"
"1730","31245","转融通权益补偿划出","AA"
"1731","31246","转融通专户资金调账","AA"
"1732","31247","转融通违约罚息补偿","AA"
"1733","31248","转融通权益补偿划入","AA"
"1734","31280","专户资金划入","AA"
"1735","31281","专户资金划出","AA"
"1736","31282","专户资金存","AA"
"1737","31283","专户资金取","AA"
"1738","31284","利息资金转出","AA"
"1739","31285","派息资金转出","AA"
"1740","31286","红利补偿转出","AA"
"1741","31287","配股补偿转出","AA"
"1742","31288","其它补偿转出","AA"
"1743","31289","融券现金补偿转出","AA"
"1744","31290","合约来源转换资金出借","AA"
"1745","31291","合约来源转换资金归还","AA"
"1746","31321","券源划入","R1"
"1747","31322","券源划出","R1"
"1748","31323","融券放贷","R1"
"1749","31324","买券还券转入","R1"
"1750","31325","直接还券转入","R1"
"1751","31326","多还退券转出","R1"
"1752","31327","平仓还券转入","R1"
"1753","31328","平仓直接还券转入","R1"
"1754","31340","专户转融通证券划入","BA"
"1755","31341","专户转融通证券划出","BA"
"1756","31342","转融券权益补偿","BA"
"1757","31380","专户股份划入","R1"
"1758","31381","专户股份划出","R1"
"1759","31382","专户股份转入","R1"
"1760","31383","专户股份转出","R1"
"1761","31384","合约来源转换股份出借","BA"
"1762","31385","合约来源转换股份归还","BA"
"1763","31386","转融通当日到期股份数量增加","Rz"
"1764","31387","转融通当日到期股份数量减少","Rz"
"1765","31400","头寸额度划入","Rz"
"1766","31401","头寸额度划出","Rz"
"1767","31402","头寸额度迁移","Rz"
"1768","31410","头寸资金划入","Rz"
"1769","31411","头寸资金划出","Rz"
"1770","31412","转融通当日到期资金变更","Rz"
"1771","31413","头寸资金迁移","Rz"
"1772","31420","头寸股份划入","Rz"
"1773","31421","头寸股份划出","Rz"
"1774","31422","转融通当日到期股份变更","Rz"
"1775","31423","头寸股份迁移","Rz"
"1776","31430","专项头寸划入","Rz"
"1777","31431","专项头寸划出","Rz"
"1778","31440","信用资金划拨划入","Rz"
"1779","31441","信用资金划拨划出","Rz"
"1780","31501","券源股份划入","RC"
"1781","31502","券源股份划出","RC"
"1782","31503","券源红股划入","RC"
"1783","31504","券源利息资金提取","RC"
"1784","31505","券源派息资金提取","RC"
"1785","31506","券源红利补偿提取","RC"
"1786","31507","券源配股补偿提取","RC"
"1787","31508","券源其他补偿提取","RC"
"1788","31509","融券现金补偿提取","RC"
"1789","31511","券源股份使用","HC"
"1790","31512","券源股份归还","HC"
"1791","31513","券源利息收入","HC"
"1792","31514","券源派息收入","HC"
"1793","31515","券源补偿收入","HC"
"1794","31516","券源红股使用","HC"
"1795","31520","券源手工调仓","RC"
"1796","31521","券源股份使用","RC"
"1797","31522","券源股份归还","RC"
"1798","31523","券源红股使用","RC"
"1799","31524","券源利息资金收入","RC"
"1800","31525","券源派息资金收入","RC"
"1801","31526","券源红利补偿收入","RC"
"1802","31527","券源配股补偿收入","RC"
"1803","31528","券源其他补偿收入","RC"
"1804","31529","融券现金补偿收入","RC"
"1805","31530","券源股份调整","RC"
"1806","34001","债券账户开户","Dg"
"1807","34002","债券账户销户","Dg"
"1808","34003","债券账户信息修改","Dg"
"1809","34004","债券账户身份信息变更","Dg"
"1810","34005","债券账户冻结","Dg"
"1811","34006","债券账户解冻","Dg"
"1812","34007","债券账户挂失","Dg"
"1813","34008","债券账户解挂","Dg"
"1814","34009","债券账户清密","Dg"
"1815","34010","债券账户重开户","Dg"
"1816","34011","债券账户迁入","Da"
"1817","34012","债券账户迁出","Da"
"1818","34020","债券认购申请","GB"
"1819","34021","债券大额认购","GB"
"1820","34022","债券预约认购","GB"
"1821","34023","债券外部发行","GB"
"1822","34027","债券份额转入","GB"
"1823","34028","债券转托管转出","GB"
"1824","34029","债券跨市场转托管转出","GB"
"1825","34034","债券非交易过户转入","GB"
"1826","34035","债券非交易过户转出","GB"
"1827","34053","债券交易撤单","GB"
"1828","34101","债券账户开户确认","Dg"
"1829","34102","债券账户销户确认","Dg"
"1830","34103","债券账户信息修改确认","Dg"
"1831","34104","债券账户身份变更确认","Dg"
"1832","34109","债券账户清密确认","Dg"
"1833","34128","债券转托管转出确认","GB"
"1834","34142","债券兑付","AA"
"1835","34143","债券兑息","AA"
"1836","34144","债券兑息扣税","AA"
"1837","34301","债券账户开户失败","Dg"
"1838","34302","债券账户销户失败","Dg"
"1839","34303","债券账户信息修改失败","Dg"
"1840","34304","债券账户身份信息变更失败","Dg"
"1841","34309","债券账户清密失败","Dg"
"1842","34328","债券转托管转出失败","GB"
"1843","34601","债券余额冻结","GB"
"1844","34602","债券余额解冻","GB"
"1845","34603","债券可用余额调增","GA"
"1846","34604","债券可用余额调减","GA"
"1847","34605","债券当前余额调增","GA"
"1848","34606","债券当前余额调减","GA"
"1849","34607","债券存管余额调整","GA"
"1850","34608","债券交易余额调整","GA"
"1851","34609","债券公司额度设置","GA"
"1852","34610","债券交易额度设置","GA"
"1853","34611","债券余额存入","GA"
"1854","34612","债券余额取出","GA"
"1855","36101","行权资金冻结","NB"
"1856","36102","行权资金解冻","NB"
"1857","36103","行权资金拨入","NA"
"1858","36104","行权资金拨出","NA"
"1859","36105","现金结算","NA"
"1860","36106","行权资金缺口垫付","NA"
"1861","36107","行权违约处置资金返还","NA"
"1862","36108","行权违约垫付资金偿还","NA"
"1863","36109","期权行权标的证券过户费","NA"
"1864","36110","行权违约处置费用偿还","NA"
"1865","36111","行权违约垫付资金利息偿还","NA"
"1866","36112","行权违约垫付资金罚息偿还","NA"
"1867","36113","ETF行权交收资金调整","NA"
"1868","36114","ETF行权交收资金调整取消","NA"
"1869","36115","行权垫券现金偿还","NA"
"1870","36116","行权垫券利息偿还","NA"
"1871","36117","行权垫券罚息偿还","NA"
"1872","36118","行权垫券费用偿还","NA"
"1873","36201","期权蓝补","NA"
"1874","36202","期权红冲","NA"
"1875","36299","组合占用数量变动","NA"
"1876","36301","买入开仓","NA"
"1877","36302","卖出平仓","NA"
"1878","36303","卖出开仓","NA"
"1879","36304","买入平仓","NA"
"1880","36305","备兑开仓","NA"
"1881","36306","备兑平仓","NA"
"1882","36307","期权持仓调整","NA"
"1883","36308","期权仓位对冲","NA"
"1884","36309","行权指派","NA"
"1885","36310","期权持仓到期注销","NA"
"1886","36311","欠款扣券","NA"
"1887","36312","行权交收","NA"
"1888","36313","行权申报处置扣券","NA"
"1889","36314","行权申报处置返还","NA"
"1890","36315","行权垫券","NA"
"1891","36316","行权垫券还券偿还","NA"
"1892","36317","行权待清偿扣划","NA"
"1893","36318","行权待清偿返还","NA"
"1894","36319","组合构建合约调减","NA"
"1895","36320","组合拆分合约调增","NA"
"1896","36321","组合构建调增","NA"
"1897","36322","组合拆分调减","NA"
"1898","36600","客户总人数","C1a"
"1899","36601","正常客户人数","C1a"
"1900","36602","开户客户人数","C1a"
"1901","36603","销户客户人数","C1a"
"1902","36604","个人客户人数","C1a"
"1903","36605","机构客户人数","C1a"
"1904","36625","合约账户总数","C1b"
"1905","36626","正常合约账户数","C1b"
"1906","36627","开户成功合约账户数","C1b"
"1907","36628","开户失败合约账户数","C1b"
"1908","36650","认购权利方持仓","C2z"
"1909","36651","认购义务方持仓","C2z"
"1910","36652","备兑方持仓","C2z"
"1911","36653","认沽权利方持仓","C2z"
"1912","36654","认沽义务方持仓","C2z"
"1913","36655","当日开仓数量","C2z"
"1914","36656","当日平仓数量","C2z"
"1915","36675","当日行权数量","C2z"
"1916","36676","行权指派数量","C2z"
"1917","36677","行权应收数量","C2z"
"1918","36678","行权应付数量","C2z"
"1919","36679","行权实收数量","C2z"
"1920","36680","行权实付数量","C2z"
"1921","36681","转处置申报数量","C2z"
"1922","36682","转处置确认数量","C2z"
"1923","36683","转处置返还数量","C2z"
"1924","36700","期初资金余额","C2h"
"1925","36701","当前资金余额","C2h"
"1926","36702","冻结资金金额","C2k"
"1927","36703","解冻资金金额","C2i"
"1928","36704","银衍转入金额","C2z"
"1929","36705","银衍转出金额","C2z"
"1930","36706","利息积数","C2i"
"1931","36707","罚息积数","C2i"
"1932","36708","预计利息","C2i"
"1933","36709","预计罚息","C2i"
"1934","36710","预计利息税","C2i"
"1935","36711","待入账利息","C2i"
"1936","36712","应收权利金","C2z"
"1937","36713","应付权利金","C2z"
"1938","36714","维持保证金","C2z"
"1939","36715","交易所维持保证金","C2z"
"1940","36716","维持保证金透支金额","C2z"
"1941","36750","行权应收资金","C2z"
"1942","36751","行权应付资金","C2z"
"1943","36752","行权实收资金","C2z"
"1944","36753","行权实付资金","C2z"
"1945","36754","行权垫付资金","C2z"
"1946","36755","行权冻结资金","C2z"
"1947","36756","处置多余返还资金","C2z"
"1948","36757","行权现金结算","C2z"
"1949","36775","期权合约市值","C2z"
"1950","36776","期权一级费用","C2z"
"1951","36777","期权二级费用","C2z"
"1952","41001","信托账户开户","FA"
"1953","41002","信托账户销户","FA"
"1954","41020","信托认购","FA"
"1955","41021","信托作废","FA"
"1956","41022","信托申购","FA"
"1957","41023","信托预约认购","FB"
"1958","41024","信托赎回","FA"
"1959","41053","信托交易撤单","FA"
"1960","41070","信托资金长冻","HB"
"1961","41071","信托资金长解","HB"
"1962","41073","信托资金拨入","HA"
"1963","41074","信托资金拨出","HA"
"1964","41075","信托资金红利","HA"
"1965","41120","信托认购确认","FA"
"1966","41122","信托申购确认","FA"
"1967","41124","信托赎回确认","FA"
"1968","41130","信托认购结果","FA"
"1969","41143","信托分红","FA"
"1970","41150","信托清盘","FA"
"1971","41170","信托资金长冻","HB"
"1972","41171","信托资金长解","HB"
"1973","41173","信托资金拨入","HA"
"1974","41174","信托资金拨出","HA"
"1975","41175","信托资金红利","HA"
"1976","41320","信托认购失败","FA"
"1977","41322","信托申购失败","FA"
"1978","41324","信托赎回失败","FA"
"1979","41601","信托份额内部红冲","FA"
"1980","41602","信托份额内部蓝补","FA"
"1981","41631","信托份额内部冻结","FA"
"1982","41632","信托份额内部解冻","FA"
"1983","43001","银行理财开户申请","FA"
"1984","43002","银行理财销户申请","FA"
"1985","43003","银行理财账户修改","FA"
"1986","43004","银行理财账户冻结","FA"
"1987","43005","银行理财账户解冻","FA"
"1988","43006","银行理财账户挂失","FA"
"1989","43007","银行理财账户解挂","FA"
"1990","43008","银行理财解约申请","FB"
"1991","43009","银行理财银行账户销户","FB"
"1992","43011","银行理财账户查询","FA"
"1993","43018","银行理财账户强制开户","FB"
"1994","43019","银行理财账户强制销户","FB"
"1995","43101","银行理财开户确认","FA"
"1996","43102","银行理财销户确认","FA"
"1997","43103","银行理财修改确认","FA"
"1998","43104","银行理财冻结确认","FA"
"1999","43105","银行理财解冻确认","FA"
"2000","43106","银行理财挂失确认","FA"
"2001","43107","银行理财解挂确认","FA"
"2002","43301","银行理财开户失败","FA"
"2003","43302","银行理财销户失败","FA"
"2004","43303","银行理财修改失败","FA"
"2005","43304","银行理财冻结失败","FA"
"2006","43305","银行理财解冻失败","FA"
"2007","43306","银行理财挂失失败","FA"
"2008","43307","银行理财解挂失败","FA"
"2009","43520","证券理财报价协议签署","FA"
"2010","43521","证券理财报价协议取消","FA"
"2011","44001","证券理财开户申请","FA"
"2012","44002","证券理财销户申请","FA"
"2013","44003","证券理财账户修改","FA"
"2014","44004","证券理财账户冻结","FA"
"2015","44005","证券理财账户解冻","FA"
"2016","44006","证券理财账户挂失","FA"
"2017","44007","证券理财账户解挂","FA"
"2018","44008","证券理财账户指定申请","JA"
"2019","44009","证券理财账户撤指申请","JA"
"2020","44010","交易账户开户","FB"
"2021","44011","交易账户修改","FB"
"2022","44012","交易账户销户","FB"
"2023","44013","证券理财账户查询委托","FB"
"2024","44014","证券理财账户支付换卡","FB"
"2025","44020","证券理财认购申请","FB"
"2026","44022","证券理财申购申请","FA"
"2027","44024","证券理财赎回申请","FA"
"2028","44026","证券理财转托管","FA"
"2029","44027","证券理财转托管入","FA"
"2030","44028","证券理财转托管出","FA"
"2031","44029","证券理财分红方式设置","FA"
"2032","44031","证券理财份额冻结","FA"
"2033","44032","证券理财份额解冻","FA"
"2034","44033","证券理财非交易过户","FB"
"2035","44034","证券理财非交易过户入","FB"
"2036","44035","证券理财非交易过户出","FB"
"2037","44036","证券理财转换","FB"
"2038","44037","证券理财转换入","FB"
"2039","44038","证券理财转换出","FB"
"2040","44052","证券理财账户撤单","FA"
"2041","44053","证券理财交易撤单","FB"
"2042","44070","证券理财资金长冻","FA"
"2043","44071","证券理财资金长解","FA"
"2044","44073","证券理财资金拨入","FA"
"2045","44074","证券理财资金拨出","FA"
"2046","44075","证券理财资金红利","FA"
"2047","44076","证券理财资金融入","FA"
"2048","44077","证券理财资金融出","FA"
"2049","44089","证券理财份额冲账","FA"
"2050","44101","证券理财开户确认","FA"
"2051","44102","证券理财销户确认","FA"
"2052","44103","证券理财修改确认","FA"
"2053","44104","证券理财冻结确认","FA"
"2054","44105","证券理财解冻确认","FA"
"2055","44106","证券理财挂失确认","FA"
"2056","44107","证券理财解挂确认","FA"
"2057","44108","证券理财指定确认","JA"
"2058","44109","证券理财撤指确认","JA"
"2059","44120","证券理财认购确认","FA"
"2060","44122","证券理财申购确认","FA"
"2061","44124","证券理财赎回确认","FA"
"2062","44126","证券理财转托管确认","FA"
"2063","44127","证券理财转托管入确认","FA"
"2064","44128","证券理财转托管出确认","FA"
"2065","44129","证券理财设置分红方式确认","FA"
"2066","44130","证券理财认购成立","FA"
"2067","44131","证券理财份额冻结确认","FA"
"2068","44132","证券理财份额解冻确认","FA"
"2069","44133","证券理财非交易过户确认","FA"
"2070","44134","证券理财非交易过户入确认","FA"
"2071","44135","证券理财非交易过户出确认","FA"
"2072","44136","证券理财转换确认","FA"
"2073","44137","证券理财转换入确认","FA"
"2074","44138","证券理财转换出确认","FA"
"2075","44142","证券理财强行赎回","FA"
"2076","44143","证券理财红利发放","FA"
"2077","44144","证券理财强行调增","FA"
"2078","44145","证券理财强行调减","FA"
"2079","44150","证券理财清盘","FA"
"2080","44151","证券理财终止","FA"
"2081","44170","证券理财资金长冻","JB"
"2082","44171","证券理财资金长解","JB"
"2083","44173","证券理财资金拨入","JA"
"2084","44174","证券理财资金拨出","JA"
"2085","44175","证券理财资金红利","JA"
"2086","44186","证券理财份额指定转入","FA"
"2087","44301","证券理财开户失败","FA"
"2088","44302","证券理财销户失败","FA"
"2089","44303","证券理财修改失败","FA"
"2090","44304","证券理财冻结失败","FA"
"2091","44305","证券理财解冻失败","FA"
"2092","44306","证券理财挂失失败","FA"
"2093","44307","证券理财解挂失败","FA"
"2094","44320","证券理财认购失败","FA"
"2095","44322","证券理财申购失败","FA"
"2096","44324","证券理财赎回失败","FA"
"2097","44326","证券理财转托管失败","FA"
"2098","44327","证券理财转托管入失败","FA"
"2099","44328","证券理财转托管出失败","FA"
"2100","44329","证券理财设置分红方式失败","FA"
"2101","44330","证券理财成立失败","FA"
"2102","44331","证券理财份额冻结失败","FA"
"2103","44332","证券理财份额解冻失败","FA"
"2104","44333","证券理财非交易过户失败","FB"
"2105","44334","证券理财非交易过户入失败","FB"
"2106","44335","证券理财非交易过户出失败","FB"
"2107","44336","证券理财转换失败","FB"
"2108","44337","证券理财转换入失败","FB"
"2109","44338","证券理财转换出失败","FB"
"2110","44601","证券理财份额内部红冲","FA"
"2111","44602","证券理财份额内部蓝补","FA"
"2112","44603","证券理财份额指定转入","FA"
"2113","44604","证券理财份额指定转出","FA"
"2114","44640","场外报价回购拆出","Df"
"2115","44641","场外拆出报价购回","Df"
"2116","44642","场外拆出报价提前购回","Df"
"2117","44711","证券理财权益卖出","FA0"
"2118","44712","证券理财权益买入","FA0"
"2119","45520","股权产品报价协议签署","FA"
"2120","45521","股权产品报价协议取消","FA"
"2121","520000","ECIF广播身份信息确认修改","Da"
"2122","520001","ECIF广播其他信息确认修改","Da"
"2123","586400","见证业务上传","     "
"2124","586401","见证业务回访通过","     "
"2125","586402","见证业务回访不通过","     "
"2126","586403","见证业务审核通过","     "
"2127","586404","见证业务审核不通过","     "
"2128","586405","见证业务递交业务处理","     "
"2129","586406","见证业务修改","     "
"2130","586407","见证业务作废","     "
"2131","586408","见证开户资料修改","     "
"2132","586409","见证开户资料完成","     "
"2133","586410","见证人员添加","     "
"2134","586411","见证人员修改","     "
"2135","586412","见证人员注销","     "
"2136","586413","见证人员注销取消","     "
"2137","586414","见证人员冻结","     "
"2138","586415","见证人员解冻","     "
"2139","586416","见证人员密码重置","     "
"2140","586417","见证人员密码修改","     "
"2141","586418","重新递交回访","     "
"2142","586419","重新递交审核","     "
"2143","586420","见证业务上传完毕","     "
"2144","586421","网上开户预审核通过","     "
"2145","586422","网上开户预审核不通过","     "
"2146","586423","客户非关键信息修改","     "
"2147","586424","客户股东账户调整","     "
"2148","586425","客户三方存管银行开通","     "
"2149","586426","客户三方存管银行调整","     "
"2150","586427","三方存管开户失败","     "
"2151","586428","三方存管开户成功","     "
"2152","586429","见证人员迁移","     "
"2153","586702","深圳报价回购账户协议签署","     "
"2154","586703","深圳报价回购账户协议注销","     "
"2155","586704","深圳报价回购账户协议申报","     "
"2156","586705","深圳报价回购预约取款","     "
"2157","586706","深圳报价回购预约取款取消","     "
"2158","586760","质押式报价回购基金申购","BA"
"2159","586761","质押式报价回购基金赎回","BA"
"2160","586850","理财申购","AA"
"2161","586851","理财认购","AA"
"2162","586852","理财请款","AA"
"2163","586853","理财分红","AA"
"2164","586854","理财赎回","AA"
"2165","586855","理财退款","AA"
"2166","586856","认购退款","AA"
"2167","586857","产品清盘拨入","AA"
"2168","586858","转让手续费","AA"
"2169","586859","转让提成费","AA"
"2170","586860","信托认购手续费","AA"
"2171","586861","信托产品认购","AA"
"2172","586862","信托产品分红","AA"
"2173","586863","保险分红资金","AA"
"2174","586864","保险退保资金","AA"
"2175","586865","保险首期保费","AA"
"2176","586866","保险续期保费","AA"
"2177","586867","快速赎回","AA"
"2178","586868","OTC柜台转让手续费(自营)","AA"
"2179","586869","OTC柜台转让手续费(经纪)","AA"
"2180","586880","B转A资金转出","AAAD+"
"2181","586881","B转A资金转入","AAAD+"
"2182","586882","B转A三方资金转汇转出","AAAD+"
